Dia,PrevD1,PrevD2,PrevD3,PrevD4,PrevD5,PrevD6,PrevD7
2018-07-31,3.8,0.8,6.7,0.1,2.9,29.7,0.6
2018-08-01,14.1,8.9,0.3,0.0,30.2,3.0,0.1
2018-08-02,34.2,1.1,0.9,10.9,3.2,0.8,4.3
2018-08-03,0.7,0.3,9.5,2.0,0.0,4.4,0.1
2018-08-04,0.4,5.5,5.1,0.0,3.9,0.2,0.0
2018-08-05,29.8,0.2,0.0,0.0,0.0,0.0,0.0
2018-08-06,0.0,0.0,0.0,0.0,0.0,0.0,0.0
2018-08-07,0.0,8.9,0.0,0.0,0.0,0.0,0.0
2018-08-08,0.8,0.0,0.0,0.0,0.0,0.0,0.0
2018-08-09,0.0,0.0,0.0,0.0,0.0,0.0,0.0
2018-08-10,0.0,0.0,0.0,0.0,0.0,0.0,0.2
2018-08-11,0.0,0.0,0.0,0.0,0.0,3.3,9.7
2018-08-12,0.0,0.0,0.0,0.0,1.0,3.1,0.2
2018-08-13,0.0,0.0,0.0,0.1,0.0,0.0,0.4
2018-08-14,0.0,0.0,1.0,0.4,0.0,0.0,0.0
2018-08-15,0.0,3.9,0.1,0.0,0.0,0.0,0.0
2018-08-16,0.2,0.0,0.0,0.0,0.0,0.0,0.0
2018-08-17,0.5,0.0,0.0,0.0,0.0,0.0,0.0
2018-08-18,0.0,0.0,0.0,0.1,0.0,0.0,0.0
2018-08-19,0.0,0.0,0.0,0.0,0.0,7.5,0.1
2018-08-20,0.0,0.0,0.0,0.0,0.4,0.2,1.0
2018-08-21,0.0,0.1,0.0,4.5,0.1,0.1,0.0
2018-08-22,0.4,0.0,8.0,0.5,0.1,0.0,0.0
2018-08-23,0.0,18.6,0.3,0.1,0.0,0.0,0.0
2018-08-24,16.9,0.3,0.0,4.8,0.6,0.0,0.0
2018-08-25,0.3,0.1,0.1,0.0,0.0,0.0,0.0
2018-08-26,0.1,0.0,0.0,0.0,0.0,0.0,0.1
2018-08-27,0.0,0.0,0.0,0.0,0.0,3.6,0.0
2018-08-28,0.0,0.0,0.0,0.0,1.0,0.1,0.0
2018-08-29,0.0,0.0,0.0,0.1,1.3,0.2,0.0
2018-08-30,0.0,0.0,0.0,1.6,0.3,0.0,0.0
2018-08-31,0.0,0.0,0.3,0.2,0.0,0.0,0.0
2018-09-01,0.0,1.0,0.9,0.0,0.0,0.0,0.0
2018-09-02,0.9,0.1,0.0,0.0,0.0,0.0,0.0
2018-09-03,2.3,0.0,0.0,0.0,0.0,0.1,0.2
2018-09-04,0.0,0.0,0.0,0.0,0.0,0.0,0.0
2018-09-05,0.0,0.0,0.0,0.0,0.0,0.0,0.0
2018-09-06,0.0,0.0,0.0,0.0,0.0,0.0,0.0
2018-09-07,0.0,0.0,0.0,0.0,0.0,0.0,0.0
2018-09-08,0.0,0.0,0.1,0.0,0.3,1.2,0.8
2018-09-09,0.0,0.1,0.0,2.8,4.4,1.4,11.8
2018-09-10,0.1,0.0,3.4,20.4,27.1,15.2,0.6
2018-09-11,0.0,1.3,13.1,25.5,20.1,0.8,0.0
2018-09-12,4.9,2.8,19.1,22.5,2.3,0.0,0.0
2018-09-13,28.3,3.2,0.7,15.3,0.7,1.9,35.3
2018-09-14,4.8,0.0,18.3,0.8,0.0,4.5,3.2
2018-09-15,0.0,15.8,0.0,0.2,0.4,5.5,0.0
2018-09-16,0.8,0.4,4.8,33.8,0.0,0.0,0.0
2018-09-17,2.3,0.1,18.8,0.1,0.0,0.1,0.9
2018-09-18,1.5,19.3,11.1,0.0,0.0,0.0,0.9
2018-09-19,6.4,9.4,1.8,4.6,4.0,3.8,0.7
2018-09-20,0.2,0.0,0.0,0.0,0.0,0.0,0.1
2018-09-21,0.0,0.0,0.0,0.0,0.5,0.9,0.9
2018-09-22,0.0,0.0,0.0,1.0,1.6,8.6,3.8
2018-09-23,0.0,0.0,0.7,2.2,9.4,9.1,0.1
2018-09-24,0.7,0.8,0.3,3.6,5.0,7.4,0.7
2018-09-25,1.6,11.9,2.3,4.4,9.4,23.7,0.1
2018-09-26,4.4,1.9,3.6,7.3,7.6,1.0,0.0
2018-09-27,0.4,0.2,5.0,4.0,0.3,0.3,0.3
2018-09-28,1.4,5.1,4.6,1.4,2.1,0.2,0.4
2018-09-29,3.4,9.2,0.1,0.8,0.1,14.5,0.3
2018-09-30,0.2,0.8,0.1,0.1,0.9,0.3,1.0
2018-10-01,0.0,2.6,0.2,5.0,0.5,0.0,19.2
2018-10-02,0.4,0.1,0.9,0.8,6.6,7.2,0.9
2018-10-03,0.1,0.8,6.6,12.5,18.2,6.4,3.1
2018-10-04,2.3,20.1,12.1,4.8,0.1,0.7,0.0
2018-10-05,3.2,20.6,15.5,2.4,0.1,8.5,4.3
2018-10-06,9.3,9.4,11.1,1.0,2.5,0.1,0.2
2018-10-07,17.9,11.0,8.1,8.8,0.5,0.1,0.1
2018-10-08,5.3,5.9,3.4,0.0,0.1,5.1,19.8
2018-10-09,5.7,0.7,1.2,0.4,12.0,0.1,0.2
2018-10-10,1.3,1.8,3.7,0.2,5.0,27.7,2.0
2018-10-11,0.5,6.9,0.2,13.6,36.6,1.0,4.4
2018-10-12,10.4,0.3,15.2,4.7,6.1,29.9,1.8
2018-10-13,0.2,13.9,4.1,9.4,9.3,12.4,0.1
2018-10-14,21.0,0.9,9.7,11.7,4.9,0.3,1.9
2018-10-15,6.5,23.5,31.3,12.8,0.2,0.0,0.0
2018-10-16,8.0,8.0,24.4,0.1,0.0,0.0,0.8
2018-10-17,9.5,0.6,0.0,0.0,0.0,11.8,15.2
2018-10-18,0.4,0.0,0.0,0.0,0.2,3.7,39.7
2018-10-19,0.1,0.0,0.0,12.1,10.0,37.3,22.2
2018-10-20,0.0,0.0,12.1,55.4,5.2,8.6,0.6
2018-10-21,0.1,1.1,31.5,9.4,3.0,1.0,0.0
2018-10-22,2.8,32.6,5.7,0.2,1.3,0.0,0.2
2018-10-23,11.0,11.4,0.1,0.5,0.1,0.0,0.8
2018-10-24,1.5,0.8,2.9,0.0,0.0,0.0,0.4
2018-10-25,8.1,2.5,0.4,0.0,0.0,0.0,15.6
2018-10-26,2.5,0.0,0.2,1.4,2.2,27.4,27.1
2018-10-27,0.0,0.0,0.9,0.0,11.9,0.5,3.2
2018-10-28,0.1,0.2,0.0,8.0,0.0,4.9,5.9
2018-10-29,0.0,0.0,12.8,8.6,9.0,5.0,0.0
2018-10-30,0.1,18.5,0.8,17.9,0.9,0.0,0.0
2018-10-31,1.0,0.4,15.1,1.2,0.3,0.1,1.9
2018-11-01,0.5,12.4,0.2,0.2,0.6,0.1,0.0
2018-11-02,11.2,0.1,0.0,0.8,0.2,0.1,0.7
2018-11-03,0.1,0.1,0.2,0.3,0.0,1.5,0.9
2018-11-04,0.1,0.8,1.1,0.4,0.0,1.1,0.4
2018-11-05,0.7,0.6,0.2,1.4,2.9,0.8,0.4
2018-11-06,4.3,4.2,3.7,2.1,0.7,0.9,0.2
2018-11-07,2.8,3.4,7.9,3.1,0.7,0.2,8.9
2018-11-08,0.2,5.0,1.1,0.3,0.3,0.7,25.9
2018-11-09,2.6,2.0,0.1,0.0,0.1,8.9,2.5
2018-11-10,2.5,0.8,0.5,0.0,15.1,5.1,1.9
2018-11-11,1.0,0.5,0.3,4.6,19.5,21.5,7.2
2018-11-12,0.7,1.1,12.8,7.7,2.9,6.8,19.9
2018-11-13,1.4,21.0,0.1,0.3,11.1,66.7,0.2
2018-11-14,5.9,0.2,0.7,18.6,28.9,0.2,4.2
2018-11-15,0.2,0.4,32.4,94.9,2.5,3.3,5.1
2018-11-16,0.5,2.0,34.0,5.1,24.1,3.2,1.3
2018-11-17,23.0,79.2,2.8,12.8,22.6,3.6,7.6
2018-11-18,42.0,0.1,1.8,3.8,6.3,6.6,15.2
2018-11-19,0.3,0.4,3.6,3.8,0.6,33.2,1.8
2018-11-20,3.2,5.9,4.7,2.5,56.9,2.0,0.7
2018-11-21,5.3,7.0,2.7,10.0,0.3,0.1,0.1
2018-11-22,4.5,12.4,3.7,0.3,0.1,0.3,5.8
2018-11-23,8.9,4.1,0.3,0.1,0.1,2.4,12.4
2018-11-24,4.3,0.2,0.5,2.0,9.7,18.4,10.9
2018-11-25,0.5,0.5,1.4,2.7,22.2,47.5,0.9
2018-11-26,1.0,2.4,4.1,14.3,37.5,6.7,1.5
2018-11-27,0.6,0.4,1.5,19.0,0.9,1.5,0.2
2018-11-28,0.3,9.5,22.6,1.8,0.6,0.0,0.0
2018-11-29,6.0,31.7,0.5,0.2,0.4,8.0,9.9
2018-11-30,4.0,1.1,0.2,0.6,2.9,1.2,6.7
2018-12-01,1.0,0.4,0.8,0.1,0.3,0.3,0.4
2018-12-02,0.4,0.1,0.1,0.0,0.1,0.3,0.1
2018-12-03,0.5,4.1,0.2,0.1,0.4,1.1,0.7
2018-12-04,6.4,0.3,0.6,0.8,0.7,0.1,0.1
2018-12-05,0.7,0.6,0.4,0.0,0.0,0.0,0.0
2018-12-06,1.2,0.5,0.0,0.0,0.1,0.1,1.5
2018-12-07,0.6,0.0,0.0,0.2,0.1,0.1,1.4
2018-12-08,0.0,0.0,0.0,2.6,7.6,0.9,0.1
2018-12-09,0.1,0.1,0.6,0.2,0.4,4.3,10.8
2018-12-10,0.7,0.8,0.0,2.6,6.5,9.0,9.8
2018-12-11,0.8,0.0,5.7,7.3,5.8,5.2,8.1
2018-12-12,0.1,1.3,8.2,3.8,0.2,4.4,3.2
2018-12-13,4.2,7.0,5.8,4.3,11.6,3.4,3.6
2018-12-14,3.0,3.7,1.0,1.1,0.3,3.8,7.0
2018-12-15,3.8,5.1,3.8,2.3,2.4,11.0,4.8
2018-12-16,2.9,4.1,4.2,7.1,9.5,4.0,6.3
2018-12-17,5.9,3.0,3.9,3.3,7.5,14.2,9.3
2018-12-18,4.2,5.1,2.8,11.0,17.0,23.1,20.2
2018-12-19,3.3,2.9,8.5,12.2,23.3,0.3,1.7
2018-12-20,6.0,8.4,13.9,13.5,0.2,8.2,4.2
2018-12-21,9.9,18.1,11.7,10.2,6.9,9.8,0.1
2018-12-22,7.5,11.8,4.6,13.8,8.1,1.3,0.6
2018-12-23,14.2,7.9,0.8,5.5,3.9,0.2,0.0
2018-12-24,1.3,3.4,6.3,6.4,0.0,0.0,0.2
2018-12-25,0.8,6.8,9.0,0.1,0.1,0.0,0.5
2018-12-26,7.5,6.8,0.2,0.1,0.0,3.8,1.8
2018-12-27,5.6,0.1,0.0,0.1,0.6,3.3,3.1
2018-12-28,0.1,0.0,0.4,3.6,1.1,3.4,9.7
2018-12-29,0.0,0.2,10.7,2.4,1.6,6.4,25.2
2018-12-30,0.0,3.5,1.5,5.0,14.0,19.1,0.0
2018-12-31,2.5,5.1,6.2,11.7,23.4,6.9,0.0
2019-01-01,3.2,3.9,14.9,20.5,0.0,0.0,0.0
2019-01-02,4.6,21.3,90.6,1.4,0.0,0.0,0.0
2019-01-03,35.3,34.1,2.5,0.1,0.1,0.0,0.1
2019-01-04,27.5,0.9,0.0,0.0,0.0,0.3,0.4
2019-01-05,0.5,0.0,5.4,3.8,3.8,6.2,7.6
2019-01-06,0.1,0.8,6.5,0.2,3.5,7.8,6.4
2019-01-07,5.5,0.1,1.0,2.8,1.2,0.2,2.2
2019-01-08,0.1,0.1,1.8,0.8,2.7,2.1,4.3
2019-01-09,0.7,1.8,6.2,6.7,4.3,3.2,5.4
2019-01-10,1.9,0.0,1.8,6.1,0.5,1.0,2.7
2019-01-11,0.0,0.2,2.9,0.1,2.9,6.2,10.4
2019-01-12,1.7,5.4,2.6,2.2,5.2,4.8,7.8
2019-01-13,4.5,7.2,3.2,6.5,9.5,15.4,25.3
2019-01-14,7.1,10.3,9.4,8.1,12.7,13.2,8.5
2019-01-15,3.5,10.3,5.8,9.5,16.3,8.5,8.2
2019-01-16,14.3,5.3,8.1,9.4,1.8,3.8,7.4
2019-01-17,2.6,5.7,7.0,1.3,2.6,7.8,9.8
2019-01-18,0.4,4.3,6.3,2.9,3.4,4.5,6.4
2019-01-19,6.4,8.3,2.5,6.5,11.1,10.1,1.4
2019-01-20,1.8,4.6,7.6,5.9,13.2,2.9,3.0
2019-01-21,3.5,7.3,3.9,20.1,1.3,5.2,0.0
2019-01-22,4.6,4.3,9.7,5.6,0.1,0.0,0.5
2019-01-23,3.8,24.0,30.8,3.2,0.9,0.0,0.0
2019-01-24,15.1,8.0,0.3,0.0,0.6,0.0,0.0
2019-01-25,10.5,0.2,0.0,0.1,0.3,0.0,0.6
2019-01-26,1.0,0.0,0.3,0.0,0.0,0.0,1.4
2019-01-27,0.0,0.1,0.0,0.0,0.2,6.9,2.0
2019-01-28,0.3,0.0,0.1,0.1,0.9,3.6,35.7
2019-01-29,0.0,0.0,0.1,4.0,8.9,10.9,1.8
2019-01-30,0.0,0.0,4.4,0.0,25.0,1.9,6.4
2019-01-31,1.08,6.36,12.17,12.7,5.59,7.82,8.48
2019-02-01,1.3,22.8,0.41,2.32,23.75,7.42,1.6
2019-02-02,1.35,18.11,3.45,5.21,6.97,0.56,0.0
2019-02-03,17.49,4.4,2.01,8.21,0.92,0.01,2.55
2019-02-04,9.19,19.63,2.67,5.57,0.0,1.66,5.88
2019-02-05,28.15,11.43,1.9,0.09,2.53,6.13,1.95
2019-02-06,1.7,4.9,0.3,1.9,1.6,6.4,17.3
2019-02-07,0.11,0.71,2.23,1.7,14.9,20.94,0.11
2019-02-08,0.0,1.4,1.45,2.98,65.46,0.3,3.5
2019-02-09,1.39,2.94,3.63,83.15,1.3,11.78,2.7
2019-02-10,7.36,27.24,25.63,18.34,132.53,5.12,5.82
2019-02-11,56.14,3.42,16.38,94.59,37.54,2.19,1.5
2019-02-12,2.23,3.9,66.3,135.83,1.14,3.17,2.65
2019-02-13,1.2,35.2,33.2,1.5,6.9,4.9,0.3
2019-02-14,32.41,23.65,4.75,2.61,8.76,9.84,2.4
2019-02-15,62.25,0.81,0.0,8.43,7.1,10.98,16.2
2019-02-16,1.53,2.08,3.62,6.18,34.43,62.12,10.53
2019-02-17,1.92,9.04,6.38,13.7,9.24,56.07,26.69
2019-02-18,1.6,1.3,16.9,6.2,5.9,2.1,27.81
2019-02-19,4.5,21.6,6.1,4.5,2.3,3.3,6.01
2019-02-20,13.7,11.7,3.1,0.8,2.1,10.3,4.55
2019-02-21,1.71,1.34,0.28,6.46,25.22,28.62,27.29
2019-02-22,0.45,1.49,4.84,19.5,62.16,64.04,21.96
2019-02-23,0.58,1.49,19.24,26.71,14.36,29.57,18.74
2019-02-24,5.62,26.11,33.77,6.81,2.22,40.11,9.43
2019-02-25,2.75,35.55,2.32,24.47,7.16,4.58,9.59
2019-02-26,7.42,5.57,1.08,16.59,7.73,18.22,4.18
2019-02-27,46.13,4.35,5.41,6.42,7.38,6.43,6.46
2019-02-28,73.6,7.99,6.18,3.86,4.61,5.78,5.88
2019-03-01,7.16,19.41,6.96,4.42,7.03,5.17,5.48
2019-03-02,1.66,4.95,8.88,3.57,9.83,9.01,3.07
2019-03-03,5.07,10.3,8.33,4.02,5.91,3.02,14.48
2019-03-04,7.91,6.07,5.77,1.72,0.37,1.93,11.18
2019-03-05,9.44,8.2,5.67,6.33,6.09,1.13,10.89
2019-03-06,2.94,2.1,2.13,0.96,7.78,7.81,5.37
2019-03-07,1.87,7.68,9.56,1.25,9.18,3.31,5.15
2019-03-08,3.73,1.74,1.27,12.12,3.73,10.91,1.74
2019-03-09,9.15,2.06,12.16,13.94,6.25,1.61,0.07
2019-03-10,1.99,14.69,2.77,6.59,3.35,7.37,8.32
2019-03-11,1.59,2.9,8.22,9.42,10.75,10.46,14.42
2019-03-12,3.85,11.14,5.01,2.04,13.5,0.51,7.8
2019-03-13,4.13,6.06,14.24,12.78,1.24,0.7,1.22
2019-03-14,3.42,3.34,2.73,1.41,2.92,1.61,0.4
2019-03-15,2.21,18.31,2.24,5.83,1.67,1.09,12.86
2019-03-16,6.26,1.41,2.52,0.2,7.47,14.66,0.16
2019-03-17,0.19,4.94,1.8,1.53,1.0,0.05,0.02
2019-03-18,8.92,0.68,0.46,0.1,0.24,0.05,0.3
2019-03-19,0.01,0.46,0.19,3.5,2.23,2.44,0.31
2019-03-20,6.39,0.14,0.6,0.02,0.03,0.01,0.02
2019-03-21,0.16,0.04,0.05,0.0,0.48,0.54,0.14
2019-03-22,1.19,0.19,0.07,0.37,0.97,0.23,0.0
2019-03-23,0.11,0.0,0.41,0.92,0.51,0.0,0.11
2019-03-24,0.02,0.02,0.65,0.3,0.19,0.01,0.0
2019-03-25,0.08,0.01,0.66,0.07,0.0,0.0,0.19
2019-03-26,0.08,0.85,0.39,0.02,0.0,0.06,3.9
2019-03-27,1.09,0.7,0.01,0.0,0.02,2.27,0.16
2019-03-28,1.7,0.0,0.0,0.08,0.01,1.95,2.98
2019-03-29,0.27,0.02,0.0,0.0,0.61,5.76,7.22
2019-03-30,0.0,0.32,0.08,0.08,0.0,10.14,32.31
2019-03-31,0.5,0.05,0.02,0.04,11.59,0.76,0.99
2019-04-01,0.0,0.0,0.0,1.5,0.28,28.11,67.56
2019-04-02,0.0,0.0,0.1,3.99,10.43,13.05,25.87
2019-04-03,0.0,0.27,10.69,19.56,41.05,31.59,42.15
2019-04-04,1.1,16.59,34.02,36.31,1.86,1.38,0.51
2019-04-05,12.14,27.72,34.11,1.16,0.2,0.06,0.8
2019-04-06,16.26,43.42,0.89,0.01,0.11,0.19,0.64
2019-04-07,47.04,0.7,0.33,0.05,0.01,7.62,1.45
2019-04-08,1.38,0.62,1.3,0.25,2.6,46.34,6.31
2019-04-09,0.69,0.94,0.49,0.71,5.69,6.22,2.31
2019-04-10,0.52,0.0,0.29,6.76,5.49,0.05,0.0
2019-04-11,0.01,0.78,5.21,12.39,1.47,0.01,0.01
2019-04-12,3.06,28.3,1.45,6.85,0.19,0.05,0.01
2019-04-13,63.12,0.98,0.75,0.04,0.56,0.24,0.0
2019-04-14,1.44,14.63,0.11,0.01,0.0,0.0,41.08
2019-04-15,7.7,1.0,0.0,0.0,0.0,9.5,34.2
2019-04-16,0.8,0.0,0.0,0.0,0.0,15.6,14.5
2019-04-17,0.0,0.0,0.0,0.0,15.8,21.5,0.5
2019-04-18,0.0,0.0,0.0,0.3,5.3,0.7,0.0
2019-04-19,0.0,0.0,0.0,0.8,1.3,1.0,4.9
2019-04-20,0.1,0.0,0.2,0.4,8.1,5.2,0.2
2019-04-21,0.2,5.2,0.5,0.3,0.6,0.2,50.4
2019-04-22,8.7,0.4,4.3,1.4,0.4,11.8,1.5
2019-04-23,1.6,1.6,0.5,0.0,21.8,1.0,0.1
2019-04-24,0.8,0.3,0.1,6.1,0.6,0.0,0.6
2019-04-25,1.6,0.0,8.6,11.3,0.1,0.5,0.3
2019-04-26,0.2,8.3,0.4,0.1,0.0,0.0,1.7
2019-04-27,13.1,0.3,0.0,0.4,4.0,0.1,0.3
2019-04-28,0.8,0.0,0.0,2.6,4.6,3.0,2.6
2019-04-29,0.0,0.0,1.0,1.5,1.3,3.7,3.0
2019-04-30,0.0,3.3,3.1,0.4,0.6,0.8,0.0
2019-05-01,0.8,0.9,0.0,0.5,6.6,2.0,0.6
2019-05-02,0.6,0.0,0.8,0.3,3.8,0.7,0.7
2019-05-03,0.0,4.6,0.3,0.8,0.5,1.0,1.0
2019-05-04,10.4,3.4,2.8,0.3,1.4,0.8,6.3
2019-05-05,2.3,3.7,0.6,14.8,1.9,4.2,4.7
2019-05-06,1.7,0.1,0.8,0.8,9.5,4.2,1.4
2019-05-07,0.2,0.4,0.5,2.4,12.4,3.3,1.1
2019-05-08,0.7,1.1,0.7,10.1,18.1,11.0,0.9
2019-05-09,0.6,0.2,14.9,22.5,0.6,0.5,0.1
2019-05-10,0.3,1.1,9.2,4.5,0.6,0.1,0.1
2019-05-11,0.9,4.9,2.6,1.7,0.1,0.1,1.4
2019-05-12,0.1,5.8,1.4,0.1,0.1,3.6,1.1
2019-05-13,11.9,0.2,0.4,5.7,11.6,0.8,0.0
2019-05-14,0.1,0.9,14.0,8.7,1.3,0.0,0.0
2019-05-15,0.3,4.6,7.6,0.4,0.0,0.0,0.0
2019-05-16,20.8,4.8,1.0,0.0,0.1,0.0,5.9
2019-05-17,12.4,0.6,0.0,0.0,0.0,1.9,0.2
2019-05-18,0.1,0.0,0.0,0.0,0.3,2.2,0.0
2019-05-19,0.0,0.0,0.0,1.6,12.7,0.0,0.0
2019-05-20,0.0,0.0,0.1,21.7,0.0,0.0,0.0
2019-05-21,0.0,0.5,13.1,0.0,0.0,0.0,15.8
2019-05-22,0.0,8.5,0.0,0.0,0.0,0.8,6.8
2019-05-23,3.9,0.0,0.0,0.0,1.5,13.1,0.0
2019-05-24,0.0,0.0,0.0,0.0,0.6,0.0,11.6
2019-05-25,0.0,0.0,0.0,6.3,1.4,0.1,0.0
2019-05-26,0.0,0.0,5.4,0.0,0.5,0.4,6.5
2019-05-27,0.0,13.1,0.6,0.3,1.1,11.8,19.5
2019-05-28,5.8,0.9,0.5,2.7,2.9,1.5,0.3
2019-05-29,0.2,1.8,4.0,11.4,0.2,0.5,0.0
2019-05-30,0.01,2.71,8.36,3.92,0.05,0.02,0.0
2019-05-31,7.13,9.4,2.23,0.45,0.19,0.03,0.0
2019-06-01,7.22,12.87,0.16,0.01,0.0,0.0,0.0
2019-06-02,12.9,0.08,0.05,0.0,0.0,0.0,0.0
2019-06-03,0.06,0.02,0.0,0.0,0.0,0.0,0.0
2019-06-04,0.01,0.0,0.0,0.0,0.0,0.01,0.0
2019-06-05,0.0,0.0,0.0,0.0,0.0,0.0,0.0
2019-06-06,0.0,0.0,0.0,0.0,0.0,0.0,0.0
2019-06-07,0.0,0.0,0.0,0.0,0.0,0.0,0.0
2019-06-08,0.0,0.0,0.0,0.0,0.01,0.0,0.0
2019-06-09,0.0,0.0,0.0,0.0,0.0,0.0,0.0
2019-06-10,0.0,0.0,0.0,0.0,0.01,0.0,0.0
2019-06-11,0.0,0.0,0.0,0.0,0.0,0.0,0.0
2019-06-12,0.0,0.0,0.0,0.08,0.02,0.0,0.0
2019-06-13,0.0,0.0,0.0,0.0,0.0,0.0,0.04
2019-06-14,0.0,0.0,0.0,0.0,0.0,0.25,0.02
2019-06-15,0.0,0.06,0.01,0.0,0.0,0.12,0.0
2019-06-16,0.0,0.0,0.0,0.37,0.02,0.0,0.0
2019-06-17,0.0,0.0,0.74,0.04,0.0,0.0,0.0
2019-06-18,0.0,0.76,0.03,0.0,0.0,0.0,0.01
2019-06-19,0.16,0.12,0.0,0.0,0.02,0.0,0.0
2019-06-20,0.02,0.0,0.0,0.0,0.0,0.0,1.49
2019-06-21,0.0,0.0,0.0,0.0,0.01,0.86,0.05
2019-06-22,0.0,0.0,0.0,4.52,4.97,0.01,0.0
2019-06-23,0.0,0.0,0.05,0.77,0.01,0.0,0.0
2019-06-24,0.0,0.0,0.06,0.01,0.0,0.0,0.0
2019-06-25,0.0,0.08,0.03,0.0,0.0,0.0,0.0
2019-06-26,0.32,0.01,0.01,0.0,0.0,0.0,0.0
2019-06-27,0.04,0.01,0.0,0.0,0.0,0.01,0.03
2019-06-28,0.0,0.0,0.0,0.0,0.0,13.82,4.95
2019-06-29,0.0,0.0,0.0,0.0,5.92,20.72,0.02
2019-06-30,0.0,0.0,0.01,46.14,20.61,0.02,0.0
2019-07-01,0.0,0.0,65.17,28.94,0.05,0.0,0.0
2019-07-02,0.0,45.61,22.09,0.29,0.02,0.0,0.0
2019-07-03,43.67,26.64,0.01,0.09,0.0,0.0,0.0
2019-07-04,24.42,0.02,0.03,0.0,0.0,0.0,0.0
2019-07-05,0.49,0.04,0.0,0.0,0.0,0.0,0.0
2019-07-06,0.0,0.0,0.0,0.0,0.0,0.0,0.0
2019-07-07,0.0,0.0,0.0,0.0,0.0,0.0,0.0
2019-07-08,0.0,0.0,0.0,0.0,0.0,0.0,0.07
2019-07-09,0.0,0.0,0.0,0.0,0.0,0.05,0.36
2019-07-10,0.0,0.0,0.0,0.0,0.0,0.16,5.83
2019-07-11,0.0,0.0,0.0,0.0,0.2,6.3,0.01
2019-07-12,0.0,0.0,0.11,1.44,0.04,0.03,0.0
2019-07-13,0.0,0.11,0.25,0.0,0.0,0.0,0.0
2019-07-14,2.56,0.16,0.0,0.0,0.0,0.0,0.0
2019-07-15,10.41,0.0,0.0,0.0,0.0,0.0,0.0
2019-07-16,0.0,0.0,0.0,0.0,0.0,0.0,0.0
2019-07-17,0.0,0.0,0.0,0.0,0.0,0.0,0.0
2019-07-18,0.0,0.0,0.0,0.0,0.0,0.0,0.0
2019-07-19,0.0,0.0,0.0,0.0,0.0,0.0,0.0
2019-07-20,0.0,0.0,0.0,0.0,0.0,0.0,0.87
2019-07-21,0.0,0.0,0.0,0.0,0.0,0.02,0.01
2019-07-22,0.0,0.0,0.0,0.0,0.01,0.02,0.0
2019-07-23,0.0,0.0,0.0,0.0,0.0,0.0,0.0
2019-07-24,0.0,0.0,0.0,0.03,0.01,0.0,0.04
2019-07-25,0.0,0.01,0.04,0.0,0.02,0.0,0.0
2019-07-26,0.01,0.18,0.0,0.01,0.01,0.0,1.26
2019-07-27,0.02,0.0,0.19,0.01,0.0,1.13,9.54
2019-07-28,0.02,0.35,0.0,0.01,0.08,10.9,0.22
2019-07-29,0.05,0.0,0.0,0.46,8.84,0.0,0.05
2019-07-30,0.0,0.0,0.3,12.89,0.0,0.0,0.0
2019-07-31,0.0,0.71,20.34,6.99,0.0,0.0,1.48
2019-08-01,0.13,17.78,1.54,0.0,0.05,0.02,0.22
2019-08-02,1.35,0.12,0.0,0.01,0.0,0.0,0.0
2019-08-03,4.61,0.08,0.11,0.01,0.02,0.0,0.0
2019-08-04,0.35,0.47,0.14,0.0,0.02,0.0,0.0
2019-08-05,0.02,0.03,0.16,0.03,0.0,0.0,0.0
2019-08-06,0.03,0.04,0.03,0.0,0.01,0.0,0.02
2019-08-07,0.05,0.01,0.0,0.0,0.0,0.02,0.55
2019-08-08,0.0,0.0,0.0,0.0,0.04,0.09,0.0
2019-08-09,0.0,0.0,0.0,0.09,0.07,0.0,0.0
2019-08-10,0.0,0.0,0.03,0.21,0.01,0.0,0.0
2019-08-11,0.0,0.01,0.26,0.0,0.0,0.0,0.0
2019-08-12,0.13,0.52,0.0,0.0,0.0,0.0,0.08
2019-08-13,0.36,0.0,0.0,0.0,0.0,0.04,0.92
2019-08-14,0.0,0.0,0.0,0.0,0.05,0.2,0.02
2019-08-15,0.0,0.0,0.0,0.18,0.85,0.23,0.09
2019-08-16,0.0,0.0,0.17,2.43,0.15,0.02,0.34
2019-08-17,0.06,0.11,10.73,0.21,0.34,0.08,0.08
2019-08-18,0.74,8.2,0.33,0.39,0.01,0.01,0.0
2019-08-19,8.08,0.08,0.08,0.41,0.07,0.0,0.0
2019-08-20,0.26,0.11,8.16,0.01,0.01,0.01,0.0
2019-08-21,0.04,4.42,0.02,0.0,0.0,0.0,0.0
2019-08-22,7.44,0.02,0.0,0.0,0.0,0.0,0.0
2019-08-23,0.1,0.02,0.0,0.01,0.0,0.0,0.0
2019-08-24,0.02,0.0,0.0,0.0,0.0,0.0,0.0
2019-08-25,0.0,0.0,0.0,0.0,0.0,0.0,0.55
2019-08-26,0.0,0.0,0.0,0.0,0.0,1.0,7.21
2019-08-27,0.0,0.0,0.0,0.02,1.28,0.44,5.55
2019-08-28,0.0,0.0,0.0,0.71,1.93,2.76,5.64
2019-08-29,0.0,0.04,0.82,0.45,0.77,0.25,0.12
2019-08-30,0.0,0.78,0.55,1.53,0.49,0.12,1.98
2019-08-31,1.26,0.13,1.41,0.15,0.22,0.84,0.36
2019-09-01,7.74,1.97,2.7,0.35,0.01,0.11,0.0
2019-09-02,2.2,1.36,0.39,0.0,0.0,0.0,0.0
2019-09-03,1.33,0.42,0.0,0.0,0.0,0.0,0.0
2019-09-04,0.31,0.02,0.0,0.0,0.0,0.0,0.09
2019-09-05,0.0,0.03,0.0,0.0,0.0,0.0,0.02
2019-09-06,0.06,0.0,0.0,0.0,0.0,0.01,0.01
2019-09-07,0.0,0.0,0.0,0.0,0.0,0.03,0.11
2019-09-08,0.0,0.0,0.0,0.01,0.05,0.01,0.0
2019-09-09,0.0,0.0,0.0,0.03,0.04,0.02,0.02
2019-09-10,0.0,0.0,0.05,0.0,0.01,0.0,0.04
2019-09-11,0.0,0.04,0.0,0.0,0.01,0.02,0.04
2019-09-12,0.04,0.03,0.0,0.01,0.0,0.0,0.01
2019-09-13,0.01,0.0,0.0,0.0,0.0,0.0,0.09
2019-09-14,0.01,0.0,0.0,0.0,0.0,0.0,0.0
2019-09-15,0.0,0.0,0.0,0.0,0.18,0.15,0.65
2019-09-16,0.0,0.0,0.02,0.77,0.12,0.01,1.17
2019-09-17,0.0,0.0,0.0,0.05,0.38,1.04,10.21
2019-09-18,0.02,0.0,0.04,0.54,0.28,20.09,3.66
2019-09-19,0.02,0.06,0.65,0.7,30.02,2.76,0.04
2019-09-20,0.1,0.67,0.42,6.18,17.58,0.68,0.07
2019-09-21,0.72,0.52,0.28,68.78,3.76,0.24,0.01
2019-09-22,0.26,0.11,35.24,8.75,0.06,0.8,0.01
2019-09-23,0.34,16.18,5.04,0.1,0.02,0.0,0.0
2019-09-24,12.87,5.48,0.21,0.01,0.01,0.0,0.0
2019-09-25,20.9,0.01,0.08,0.0,0.0,0.0,0.0
2019-09-26,0.06,0.04,0.01,0.0,0.0,0.0,0.01
2019-09-27,0.03,0.01,0.0,0.01,0.0,0.06,0.08
2019-09-28,0.04,0.0,0.0,0.0,0.03,0.09,0.0
2019-09-29,0.0,0.0,0.0,0.05,0.08,0.01,0.48
2019-09-30,0.0,0.0,0.0,0.27,0.0,2.78,7.71
2019-10-01,0.0,0.0,0.0,0.01,1.55,12.74,17.38
2019-10-02,0.0,0.0,0.06,2.64,7.62,21.7,1.12
2019-10-03,0.0,0.0,2.96,11.91,9.95,0.04,0.0
2019-10-04,0.0,7.27,0.29,32.03,0.02,0.01,0.01
2019-10-05,0.98,4.29,1.89,0.1,0.28,0.0,0.0
2019-10-06,10.87,5.48,0.23,0.91,0.01,0.14,0.09
2019-10-07,4.87,0.63,0.88,0.01,0.06,0.05,1.22
2019-10-08,4.13,1.55,0.08,0.0,0.05,0.0,0.96
2019-10-09,1.15,0.17,0.03,0.19,0.0,0.31,0.84
2019-10-10,0.97,0.01,0.11,0.23,0.0,4.86,1.12
2019-10-11,0.02,0.01,0.84,0.09,2.72,11.22,17.31
2019-10-12,0.01,0.14,0.16,1.22,4.26,3.66,1.39
2019-10-13,0.12,0.0,1.01,1.02,0.34,2.61,2.48
2019-10-14,0.05,0.64,1.72,0.16,5.46,6.01,7.87
2019-10-15,0.43,0.29,0.08,3.26,6.6,12.23,0.45
2019-10-16,0.62,0.28,3.23,0.1,17.76,2.58,0.06
2019-10-17,0.75,2.8,0.0,21.71,5.26,0.05,0.41
2019-10-18,1.0,0.01,9.72,6.29,0.05,0.39,3.12
2019-10-19,0.04,8.96,0.17,0.59,6.88,5.08,4.69
2019-10-20,3.41,1.34,1.08,11.84,9.21,4.71,3.44
2019-10-21,0.71,0.19,5.69,10.91,3.2,3.99,21.41
2019-10-22,0.12,4.21,7.49,7.11,1.28,1.8,0.96
2019-10-23,1.78,2.65,8.53,5.99,7.39,6.02,2.41
2019-10-24,0.53,6.78,5.99,2.39,2.89,1.65,1.27
2019-10-25,3.19,0.49,5.44,2.31,0.43,0.25,0.08
2019-10-26,0.0,1.93,1.24,0.01,0.14,0.03,1.55
2019-10-27,5.94,3.29,0.01,0.25,0.04,2.58,7.74
2019-10-28,1.54,1.01,0.41,0.01,2.06,1.92,15.46
2019-10-29,0.76,0.1,0.0,0.29,2.97,4.84,4.31
2019-10-30,0.0,0.0,0.0,0.36,0.75,1.04,2.29
2019-10-31,0.28,0.11,2.35,4.43,15.46,0.19,0.47
2019-11-01,0.01,0.09,1.82,7.86,0.05,8.51,21.85
2019-11-02,0.0,0.01,8.12,0.1,12.72,11.81,1.59
2019-11-03,0.21,12.39,0.04,15.51,20.11,20.31,9.31
2019-11-04,6.0,2.58,21.51,3.1,3.82,5.52,4.94
2019-11-05,0.61,24.61,23.89,8.92,1.95,0.62,0.18
2019-11-06,12.77,8.77,11.75,24.38,12.88,0.46,13.54
2019-11-07,5.98,6.88,24.56,37.83,0.09,6.97,5.68
2019-11-08,6.65,41.41,4.58,0.16,12.06,31.05,74.12
2019-11-09,13.13,16.31,0.32,7.35,38.98,21.41,1.14
2019-11-10,6.15,0.32,24.48,48.14,67.6,0.22,0.0
2019-11-11,0.18,1.67,9.88,17.84,0.01,0.02,0.35
2019-11-12,1.03,37.48,9.22,0.04,0.02,0.66,3.22
2019-11-13,24.86,4.64,0.0,0.0,0.19,1.42,3.53
2019-11-14,28.72,0.06,0.0,0.85,3.85,1.47,3.38
2019-11-15,0.03,0.0,0.55,11.78,1.21,1.35,2.15
2019-11-16,0.51,2.0,5.58,0.53,0.25,0.7,6.88
2019-11-17,1.3,4.32,1.31,3.46,8.44,0.85,1.7
2019-11-18,5.09,1.42,6.51,5.04,9.19,0.24,0.64
2019-11-19,2.23,3.16,7.38,7.04,0.32,0.08,2.55
2019-11-20,4.21,6.38,4.9,0.28,0.06,2.68,40.74
2019-11-21,6.97,6.8,0.71,0.15,0.0,0.06,21.28
2019-11-22,26.02,0.61,0.01,0.0,29.74,2.11,0.0
2019-11-23,0.84,0.05,0.01,2.65,38.48,0.0,0.69
2019-11-24,0.03,0.11,3.88,31.96,0.01,1.78,0.04
2019-11-25,0.25,0.07,34.41,0.36,0.63,0.05,0.16
2019-11-26,0.48,41.59,0.46,4.38,7.92,0.14,12.69
2019-11-27,2.55,0.09,16.64,0.01,0.01,8.18,26.22
2019-11-28,0.01,0.94,0.0,0.01,32.42,29.09,1.26
2019-11-29,3.22,2.55,0.05,0.97,20.28,1.85,0.02
2019-11-30,0.71,0.08,0.09,0.06,6.11,1.48,0.0
2019-12-01,0.18,0.01,0.0,3.41,2.69,0.0,0.0
2019-12-02,0.04,0.22,3.05,1.76,0.0,0.05,0.16
2019-12-03,2.12,3.92,3.35,0.02,0.0,0.52,2.32
2019-12-04,3.66,10.17,0.0,0.0,0.01,1.06,57.94
2019-12-05,3.51,0.02,0.0,0.82,5.84,21.79,2.17
2019-12-06,0.0,0.0,2.36,47.44,13.28,4.04,5.24
2019-12-07,0.0,34.14,16.15,6.57,2.89,9.57,0.97
2019-12-08,14.13,10.78,22.76,2.64,7.0,0.22,20.02
2019-12-09,11.27,2.18,4.36,21.21,5.45,1.45,2.31
2019-12-10,7.03,5.36,5.14,5.51,0.0,0.01,59.04
2019-12-11,1.9,3.86,3.14,0.02,0.18,20.13,20.26
2019-12-12,1.29,19.56,0.01,0.02,0.09,52.79,19.28
2019-12-13,2.46,0.05,0.03,0.37,74.68,2.01,6.74
2019-12-14,0.07,0.01,0.0,34.69,2.02,7.01,4.48
2019-12-15,0.01,0.54,3.77,3.34,10.06,8.44,12.74
2019-12-16,14.25,41.18,2.7,24.55,5.9,12.0,67.96
2019-12-17,13.54,1.08,15.35,6.58,17.19,33.78,14.49
2019-12-18,0.98,16.81,9.63,21.21,34.12,9.63,0.96
2019-12-19,13.47,11.12,9.79,17.17,3.73,0.08,5.49
2019-12-20,3.62,12.69,43.35,0.14,0.64,0.82,6.79
2019-12-21,9.37,6.34,3.0,0.02,0.05,0.35,0.25
2019-12-22,23.09,3.03,0.06,0.15,1.48,0.31,1.52
2019-12-23,0.4,0.54,0.57,0.28,0.11,1.42,14.76
2019-12-24,0.05,0.52,0.83,0.62,0.27,0.5,4.56
2019-12-25,0.19,0.65,0.45,0.28,0.54,16.52,9.48
2019-12-26,0.33,1.22,0.82,0.18,2.28,3.84,25.71
2019-12-27,0.54,0.91,0.11,0.59,0.5,30.21,0.42
2019-12-28,0.46,0.16,0.53,0.34,16.24,20.55,0.28
2019-12-29,0.04,0.59,0.46,19.35,7.37,1.46,1.8
2019-12-30,1.15,0.16,23.31,6.07,0.59,0.54,5.89
2019-12-31,0.21,17.52,7.16,1.46,0.29,7.94,2.64
2020-01-01,15.42,2.14,13.18,3.86,5.38,3.21,8.08
2020-01-02,12.82,21.87,3.04,1.79,3.36,7.78,12.96
2020-01-03,24.82,9.41,3.29,3.51,9.82,15.05,12.16
2020-01-04,9.76,5.84,5.08,6.03,8.84,16.5,7.26
2020-01-05,1.94,0.34,4.61,11.99,8.45,27.59,6.36
2020-01-06,0.63,41.39,21.09,12.66,9.88,7.54,8.25
2020-01-07,10.51,9.41,41.94,14.33,13.25,41.66,56.7
2020-01-08,7.3,9.55,15.45,10.68,36.25,27.59,83.33
2020-01-09,8.06,45.2,4.81,10.63,11.15,3.58,15.68
2020-01-10,9.16,38.03,74.65,85.01,12.64,15.58,24.32
2020-01-11,71.8,3.31,30.54,11.48,4.36,5.62,0.04
2020-01-12,23.53,7.28,3.85,7.25,1.4,0.19,10.99
2020-01-13,3.32,3.91,36.29,6.51,0.22,0.38,0.29
2020-01-14,0.55,36.68,5.62,0.08,1.38,1.18,1.15
2020-01-15,20.49,5.58,0.04,0.55,10.65,0.85,3.15
2020-01-16,12.69,0.12,0.12,5.26,0.19,10.1,6.82
2020-01-17,0.25,0.29,0.2,0.04,0.56,0.24,0.46
2020-01-18,0.46,0.36,0.06,9.25,18.93,4.58,0.11
2020-01-19,0.43,0.24,1.71,13.35,1.39,0.0,0.01
2020-01-20,0.34,0.44,0.45,4.51,0.04,0.0,0.29
2020-01-21,0.39,32.59,14.26,0.04,0.0,0.05,1.89
2020-01-22,30.43,2.66,0.02,0.0,0.01,0.01,9.95
2020-01-23,1.19,0.01,0.0,0.04,1.16,5.38,2.88
2020-01-24,0.06,0.0,0.0,0.05,11.26,6.93,8.15
2020-01-25,0.0,0.0,0.0,7.96,3.31,2.79,10.29
2020-01-26,0.0,0.01,10.35,4.22,12.06,21.66,50.98
2020-01-27,0.19,11.29,24.75,4.53,17.08,5.89,0.19
2020-01-28,7.11,6.72,4.22,8.38,53.01,2.48,0.07
2020-01-29,3.84,4.79,7.96,15.11,7.18,13.21,0.55
2020-01-30,4.28,13.01,15.13,5.32,5.06,9.74,24.79
2020-01-31,24.86,35.05,4.56,2.02,3.9,4.21,12.1
2020-02-01,26.09,9.21,21.81,29.56,11.43,17.35,21.7
2020-02-02,47.76,33.39,29.85,13.75,3.74,0.57,1.14
2020-02-03,0.2,22.81,20.85,22.66,6.49,1.79,0.62
2020-02-04,13.18,37.44,8.81,2.63,0.84,0.61,117.55
2020-02-05,4.21,13.75,2.54,1.85,9.08,19.9,45.61
2020-02-06,3.23,19.75,1.96,32.74,8.31,0.38,0.38
2020-02-07,1.02,2.79,46.98,15.72,0.05,0.8,1.98
2020-02-08,6.71,47.42,1.04,3.52,0.56,2.57,15.61
2020-02-09,68.42,44.81,41.28,9.95,1.15,3.46,6.55
2020-02-10,13.06,1.52,1.66,0.32,10.17,15.85,3.89
2020-02-11,1.25,0.56,1.84,7.78,12.04,5.21,6.71
2020-02-12,0.88,0.45,1.82,19.75,8.76,3.74,19.71
2020-02-13,1.11,0.99,9.64,9.74,4.02,86.92,11.74
2020-02-14,0.25,0.69,9.33,2.49,4.48,1.35,9.05
2020-02-15,5.68,8.53,4.99,6.11,2.54,10.86,55.03
2020-02-16,6.75,2.5,7.68,3.99,34.66,2.91,0.49
2020-02-17,9.68,6.39,9.44,42.29,0.9,5.16,3.46
2020-02-18,0.3,6.0,44.22,6.49,7.49,40.76,7.69
2020-02-19,2.61,30.77,0.59,0.24,0.78,11.36,6.36
2020-02-20,13.88,0.14,0.32,0.04,11.48,9.88,27.61
2020-02-21,0.31,0.13,0.89,3.01,10.54,15.81,0.16
2020-02-22,0.07,1.18,8.17,30.82,0.13,0.11,5.92
2020-02-23,20.25,5.6,9.24,1.48,0.08,1.76,0.09
2020-02-24,3.2,30.87,1.24,0.02,0.42,0.45,0.52
2020-02-25,19.63,1.88,0.41,0.32,1.08,0.55,5.7
2020-02-26,3.93,0.96,1.05,3.08,59.63,29.15,5.99
2020-02-27,0.55,10.5,2.56,10.71,19.54,1.74,1.02
2020-02-28,1.48,0.23,4.22,3.34,1.34,3.06,0.04
2020-02-29,1.34,7.32,16.8,0.81,0.99,0.25,1.23
2020-03-01,6.44,24.08,1.52,1.3,0.38,0.81,0.56
2020-03-02,12.65,2.13,0.21,0.16,7.84,1.22,2.31
2020-03-03,1.95,0.14,0.02,6.68,4.62,0.65,0.01
2020-03-04,0.07,0.08,0.02,0.35,4.65,0.43,0.52
2020-03-05,0.06,0.18,1.61,1.81,0.4,0.66,2.19
2020-03-06,0.78,8.8,2.03,0.84,1.18,1.83,0.24
2020-03-07,4.9,2.32,0.04,0.76,1.05,0.9,0.69
2020-03-08,0.61,0.88,0.46,0.05,0.04,0.46,0.98
2020-03-09,1.21,0.03,0.03,0.41,0.05,0.61,2.51
2020-03-10,0.0,0.0,0.05,0.87,1.97,4.3,3.51
2020-03-11,0.03,0.03,0.14,3.5,3.35,2.81,2.51
2020-03-12,0.17,0.84,3.09,8.34,4.13,1.91,0.81
2020-03-13,0.25,3.66,5.77,4.91,0.78,15.79,0.13
2020-03-14,5.12,8.85,7.43,1.33,12.96,18.17,0.4
2020-03-15,13.22,9.09,2.49,14.2,22.63,4.04,0.02
2020-03-16,7.81,0.92,7.51,28.58,0.22,0.01,0.05
2020-03-17,2.5,1.44,36.68,0.19,0.14,0.04,0.01
2020-03-18,0.66,22.53,0.88,0.01,0.34,0.15,0.0
2020-03-19,9.0,0.35,0.12,0.08,0.0,0.0,0.01
2020-03-20,0.9,0.01,0.08,0.01,0.0,0.01,0.02
2020-03-21,0.03,0.05,0.01,0.01,0.0,0.01,0.06
2020-03-22,0.04,0.04,0.11,0.15,0.05,0.05,0.43
2020-03-23,0.02,0.05,0.01,0.26,0.05,1.02,20.71
2020-03-24,0.0,0.02,0.0,0.18,0.15,0.01,0.39
2020-03-25,0.02,0.0,0.01,0.26,0.65,0.24,0.22
2020-03-26,0.05,0.01,0.77,12.08,0.46,1.53,1.71
2020-03-27,0.82,3.96,8.35,1.47,1.1,2.39,35.14
2020-03-28,12.51,9.23,0.72,0.62,8.18,8.86,0.0
2020-03-29,3.59,0.36,0.0,1.82,7.38,0.0,0.02
2020-03-30,0.48,0.01,0.33,9.74,0.0,0.0,0.0
2020-03-31,0.07,0.64,2.47,0.01,0.0,0.04,6.92
2020-04-01,0.81,0.58,0.02,0.01,0.0,0.68,0.2
2020-04-02,4.27,0.13,0.01,0.06,6.31,0.51,0.01
2020-04-03,0.0,0.0,0.0,0.75,0.34,0.05,0.07
2020-04-04,0.02,0.0,1.15,0.35,0.04,0.15,0.05
2020-04-05,0.0,0.34,0.12,0.02,0.02,0.03,0.69
2020-04-06,1.05,0.29,0.01,0.15,0.3,0.02,0.01
2020-04-07,0.21,0.01,0.72,1.09,0.01,0.0,0.48
2020-04-08,0.1,0.04,0.99,0.09,0.11,1.2,17.69
2020-04-09,0.01,0.08,0.01,0.06,20.99,25.11,0.25
2020-04-10,0.15,0.02,1.09,16.91,1.31,1.34,0.05
2020-04-11,0.0,0.05,1.86,2.39,1.56,0.02,0.0
2020-04-12,0.12,4.76,1.74,0.69,0.01,0.01,0.01
2020-04-13,5.29,0.06,0.02,0.01,0.01,0.29,1.39
2020-04-14,0.43,0.05,0.01,0.04,0.15,1.86,0.12
2020-04-15,0.08,0.05,0.02,0.42,0.76,0.02,0.06
2020-04-16,0.02,0.0,0.05,1.41,0.06,0.05,0.04
2020-04-17,0.0,0.21,0.94,0.69,0.05,0.2,0.0
2020-04-18,0.64,0.52,0.59,1.24,0.01,0.22,0.0
2020-04-19,0.85,0.13,0.33,0.12,0.43,0.01,0.01
2020-04-20,0.02,0.03,0.09,0.06,0.03,0.01,0.0
2020-04-21,0.02,0.17,0.02,0.01,0.01,0.0,0.02
2020-04-22,0.0,0.0,0.0,0.0,0.08,0.18,0.01
2020-04-23,0.01,0.01,0.0,0.0,0.01,0.01,0.0
2020-04-24,0.01,0.0,0.01,0.0,0.0,0.0,0.0
2020-04-25,0.0,0.01,0.0,0.0,0.0,0.0,1.13
2020-04-26,0.0,0.0,0.0,0.0,0.0,0.03,0.9
2020-04-27,0.0,0.0,0.0,0.0,0.24,0.52,0.14
2020-04-28,0.02,0.0,0.01,1.57,0.31,0.13,0.01
2020-04-29,0.0,0.09,17.36,0.06,0.0,0.34,24.01
2020-04-30,0.16,2.94,0.11,0.0,0.31,2.24,0.03
2020-05-01,6.22,0.4,0.01,0.06,31.51,0.01,0.0
2020-05-02,0.29,0.0,0.02,13.09,3.65,0.61,0.0
2020-05-03,0.0,0.03,9.92,5.24,0.06,0.0,0.01
2020-05-04,0.02,6.96,4.86,0.04,0.0,0.01,0.0
2020-05-05,7.45,4.09,0.0,0.0,0.0,0.0,0.0
2020-05-06,7.92,0.0,0.0,0.0,0.0,0.0,0.01
2020-05-07,0.01,0.0,0.0,0.0,0.0,0.0,0.05
2020-05-08,0.0,0.0,0.0,0.0,0.01,1.66,15.12
2020-05-09,0.0,0.0,0.0,0.0,7.71,3.2,0.02
2020-05-10,0.0,0.0,0.02,11.26,0.77,0.22,0.0
2020-05-11,0.0,0.15,3.45,10.29,2.05,0.01,0.01
2020-05-12,0.0,3.79,0.94,0.04,0.02,0.02,0.0
2020-05-13,2.17,0.57,0.85,0.0,0.0,0.0,0.02
2020-05-14,1.28,1.52,0.03,0.02,0.05,0.02,0.0
2020-05-15,0.43,0.07,0.08,0.41,0.01,0.01,3.47
2020-05-16,0.0,0.0,0.02,0.01,0.0,0.12,5.55
2020-05-17,0.0,0.04,0.0,0.0,0.18,12.02,0.0
2020-05-18,0.0,0.04,0.0,0.0,10.32,0.0,0.0
2020-05-19,0.09,0.0,0.0,5.46,0.2,0.0,0.0
2020-05-20,0.02,0.0,9.87,0.11,0.0,0.0,0.0
2020-05-21,0.0,14.93,0.01,0.0,0.0,0.0,0.02
2020-05-22,19.69,0.0,0.0,0.0,0.0,0.0,0.0
2020-05-23,0.0,0.0,0.01,0.0,0.05,0.0,0.1
2020-05-24,0.0,0.0,0.0,0.0,0.0,0.0,0.0
2020-05-25,0.0,0.0,0.0,0.03,0.0,0.0,0.54
2020-05-26,0.0,0.01,0.04,0.0,0.0,0.03,6.82
2020-05-27,0.0,0.04,0.0,0.0,0.0,3.22,0.38
2020-05-28,0.0,0.0,0.0,0.0,6.88,0.08,0.06
2020-05-29,0.0,0.0,0.0,0.36,0.14,17.16,4.56
2020-05-30,0.0,0.0,0.09,0.36,3.31,0.19,1.82
2020-05-31,0.0,5.49,1.55,2.48,0.59,15.38,0.02
2020-06-01,2.14,3.94,0.08,0.6,14.24,2.02,0.12
2020-06-02,2.13,0.85,0.41,6.59,6.56,0.45,3.48
2020-06-03,1.12,0.65,1.38,4.05,0.82,5.52,0.22
2020-06-04,0.69,1.95,7.04,0.56,0.09,0.0,0.0
2020-06-05,1.1,1.38,0.98,1.05,0.0,0.0,0.0
2020-06-06,1.95,0.26,0.3,0.0,0.0,0.0,0.0
2020-06-07,1.05,0.71,0.03,0.0,0.0,0.0,0.07
2020-06-08,0.37,0.0,0.0,0.0,0.0,0.62,0.22
2020-06-09,0.08,0.0,0.0,0.0,0.49,0.23,0.07
2020-06-10,0.0,0.0,0.0,0.36,0.16,0.02,0.02
2020-06-11,0.0,0.0,0.23,0.02,0.18,0.01,0.0
2020-06-12,0.0,1.06,0.06,0.25,0.01,0.0,0.0
2020-06-13,0.43,0.11,0.09,0.04,0.0,0.0,0.01
2020-06-14,0.18,0.01,0.01,0.0,0.0,0.0,0.0
2020-06-15,0.04,0.01,0.0,0.0,0.0,0.01,0.0
2020-06-16,0.0,0.0,0.0,0.0,0.53,0.0,0.0
2020-06-17,0.0,0.0,0.0,0.01,0.0,0.0,0.0
2020-06-18,0.0,0.0,0.05,0.0,0.0,0.0,0.0
2020-06-19,0.0,0.0,0.0,0.0,0.0,0.0,17.38
2020-06-20,0.03,0.0,0.0,0.0,0.0,1.58,22.92
2020-06-21,0.0,0.0,0.0,0.0,0.0,29.25,4.99
2020-06-22,0.0,0.0,0.0,0.05,12.99,0.14,1.63
2020-06-23,0.0,0.0,0.09,10.06,0.18,2.74,0.01
2020-06-24,0.0,0.18,8.28,0.65,0.19,0.35,0.12
2020-06-25,49.01,28.95,0.38,0.37,0.08,0.15,0.17
2020-06-26,18.59,0.28,0.39,0.0,0.16,0.0,0.6
2020-06-27,0.37,0.0,0.01,0.01,0.0,0.07,0.27
2020-06-28,0.04,0.02,2.45,0.0,0.01,0.01,0.04
2020-06-29,0.6,0.02,0.0,0.0,0.01,0.0,0.5
2020-06-30,2.94,0.02,0.04,0.01,0.6,0.97,0.0
2020-07-01,0.01,0.1,0.07,0.45,0.04,0.01,0.0
2020-07-02,0.02,0.01,0.39,0.06,0.0,0.0,0.01
2020-07-03,0.03,0.16,0.08,0.0,0.0,1.28,0.02
2020-07-04,0.2,0.12,0.01,0.11,2.05,0.03,0.18
2020-07-05,0.07,0.0,0.0,0.56,0.0,0.0,0.0
2020-07-06,0.01,0.0,0.68,0.12,0.15,0.02,0.0
2020-07-07,0.0,0.26,0.01,0.0,0.0,0.0,0.01
2020-07-08,0.65,0.02,0.0,0.0,0.0,0.26,0.02
2020-07-09,0.01,0.04,0.0,0.0,1.15,0.05,0.26
2020-07-10,0.0,0.0,0.0,0.04,0.0,0.0,0.0
2020-07-11,0.0,0.0,0.29,0.74,0.08,0.25,0.08
2020-07-12,0.0,0.83,0.08,0.38,0.04,0.04,0.0
2020-07-13,0.35,0.04,0.25,0.0,0.0,0.0,0.0
2020-07-14,0.08,0.3,0.35,0.17,0.0,0.0,0.0
2020-07-15,0.08,0.08,0.0,0.0,0.01,0.0,0.0
2020-07-16,0.02,0.0,0.0,0.0,0.02,0.0,0.0
2020-07-17,0.0,0.0,0.0,0.0,0.0,0.0,0.0
2020-07-18,0.02,0.0,0.0,0.0,0.0,0.0,0.0
2020-07-19,0.0,0.0,0.0,0.0,0.0,0.0,0.05
2020-07-20,0.0,0.0,0.0,0.0,0.0,0.0,0.0
2020-07-21,0.0,0.0,0.0,0.0,0.0,0.0,0.0
2020-07-22,0.0,0.0,0.0,0.03,0.0,0.0,0.04
2020-07-23,0.0,0.0,0.03,0.0,0.01,0.0,0.01
2020-07-24,0.0,0.03,0.0,0.0,0.06,0.08,0.11
2020-07-25,0.0,0.0,0.0,0.39,0.65,0.06,0.01
2020-07-26,0.0,0.0,0.0,0.05,0.61,0.12,0.0
2020-07-27,0.0,0.04,0.09,0.36,0.29,0.01,0.0
2020-07-28,0.25,2.02,0.09,0.32,0.01,0.0,0.01
2020-07-29,0.63,0.29,0.23,0.01,0.02,0.0,0.0
2020-07-30,0.1,0.04,0.01,0.0,0.01,0.0,0.01
2020-07-31,0.29,0.01,0.01,0.05,0.01,0.0,0.0
2020-08-01,0.0,0.0,0.02,0.0,0.0,0.0,0.0
2020-08-02,0.01,0.01,0.01,0.0,0.0,0.0,0.01
2020-08-03,0.02,0.02,0.0,0.0,0.0,0.0,0.0
2020-08-04,0.0,0.0,0.0,0.0,0.0,0.0,0.0
2020-08-05,0.0,0.0,0.0,0.0,0.0,0.0,0.0
2020-08-06,0.03,0.0,0.0,0.0,0.0,0.0,0.0
2020-08-07,0.02,0.0,0.0,0.0,0.0,0.0,0.27
2020-08-08,0.0,0.0,0.0,0.0,0.02,0.49,0.29
2020-08-09,0.0,0.0,0.0,0.05,0.42,0.11,0.0
2020-08-10,0.0,0.0,0.0,0.34,1.2,0.19,11.89
2020-08-11,0.0,0.04,0.05,0.8,1.99,65.71,26.95
2020-08-12,0.69,0.41,1.18,1.04,8.29,42.93,41.82
2020-08-13,0.53,0.5,0.11,10.69,20.45,0.71,1.06
2020-08-14,0.31,0.69,6.89,10.97,0.7,1.99,18.27
2020-08-15,0.09,2.08,3.78,1.07,1.36,31.59,1.55
2020-08-16,30.92,8.38,0.06,0.39,17.58,0.38,0.22
2020-08-17,15.32,0.09,0.47,25.01,0.78,0.22,0.0
2020-08-18,0.62,0.62,24.35,7.08,0.08,0.01,0.0
2020-08-19,0.58,24.94,3.87,0.04,0.0,0.0,0.01
2020-08-20,18.56,2.0,0.01,0.0,0.0,0.0,0.0
2020-08-21,0.53,0.01,0.0,0.0,0.0,0.01,0.0
2020-08-22,0.0,0.0,0.0,0.0,0.01,0.0,0.0
2020-08-23,0.01,0.0,0.0,0.01,0.0,0.0,0.0
2020-08-24,0.0,0.0,0.0,0.0,0.0,0.0,0.0
2020-08-25,0.0,0.0,0.0,0.0,0.0,0.05,0.25
2020-08-26,0.0,0.0,0.0,0.0,0.0,0.0,0.0
2020-08-27,0.0,0.0,0.0,0.0,0.0,0.0,0.0
2020-08-28,0.0,0.0,0.02,0.01,0.02,0.0,0.0
2020-08-29,0.0,0.01,0.0,0.0,0.0,0.01,0.0
2020-08-30,0.01,0.03,0.01,0.0,0.0,0.0,0.0
2020-08-31,0.0,0.01,0.0,0.0,0.0,0.0,0.01
2020-09-01,0.01,0.0,0.0,0.0,0.0,0.0,0.07
2020-09-02,0.0,0.0,0.0,0.0,0.0,0.0,0.0
2020-09-03,0.03,0.0,0.0,0.0,0.0,0.0,0.02
2020-09-04,0.0,0.0,0.0,0.08,0.16,0.11,0.03
2020-09-05,0.0,0.01,0.11,0.15,0.0,0.0,0.0
2020-09-06,0.03,0.24,0.24,0.32,0.01,0.0,0.0
2020-09-07,0.08,0.09,0.2,0.07,0.14,0.0,0.0
2020-09-08,0.04,0.0,0.07,0.09,0.0,0.0,0.0
2020-09-09,0.07,0.29,0.08,0.01,0.0,0.0,0.0
2020-09-10,0.43,0.07,0.01,0.05,0.0,0.0,0.0
2020-09-11,0.01,0.0,0.01,0.0,0.0,0.0,0.01
2020-09-12,0.0,0.0,0.28,0.0,0.0,0.0,1.43
2020-09-13,0.0,0.14,0.0,0.12,0.26,0.72,25.16
2020-09-14,0.23,0.02,0.24,0.56,0.46,4.72,26.29
2020-09-15,0.0,0.12,0.07,0.66,9.58,13.35,18.53
2020-09-16,0.21,0.42,0.72,4.54,3.25,9.62,0.09
2020-09-17,0.83,0.87,5.19,9.99,0.99,0.65,0.0
2020-09-18,6.07,7.87,17.71,11.12,0.36,0.01,0.0
2020-09-19,4.59,2.82,17.78,0.41,0.0,0.0,0.0
2020-09-20,2.89,11.08,0.47,0.0,0.0,0.0,0.0
2020-09-21,11.86,0.33,0.0,0.0,0.0,0.0,0.02
2020-09-22,0.83,0.01,0.0,0.0,0.0,0.0,0.01
2020-09-23,0.12,0.0,0.0,0.0,0.03,0.01,0.19
2020-09-24,0.0,0.0,0.0,0.01,0.01,0.17,0.03
2020-09-25,0.0,0.0,0.02,0.02,0.11,0.0,0.34
2020-09-26,0.0,0.01,0.04,0.41,0.22,0.15,0.29
2020-09-27,0.08,0.07,0.3,0.19,0.27,0.36,0.15
2020-09-28,1.18,0.33,0.21,0.1,0.25,0.7,0.72
2020-09-29,0.27,0.13,0.05,0.03,0.09,0.35,0.08
2020-09-30,0.47,0.31,0.04,0.11,0.36,0.0,0.05
2020-10-01,0.05,0.1,0.11,0.0,0.0,0.01,0.0
2020-10-02,0.48,0.22,0.11,0.0,0.1,0.05,0.01
2020-10-03,0.0,0.0,0.0,0.0,0.0,0.0,0.0
2020-10-04,0.0,0.0,0.0,0.0,0.0,0.0,0.0
2020-10-05,0.0,0.0,0.0,0.0,1.46,0.0,1.56
2020-10-06,0.0,0.0,0.0,3.55,0.0,0.0,22.61
2020-10-07,0.0,5.51,2.32,0.0,0.0,8.89,28.91
2020-10-08,10.38,3.2,0.0,0.0,1.59,86.82,0.0
2020-10-09,3.85,0.0,0.0,9.45,17.81,0.0,0.0
2020-10-10,0.0,0.0,0.0,1.12,6.14,0.0,0.0
2020-10-11,0.0,0.0,0.0,2.26,1.69,0.0,7.33
2020-10-12,0.0,3.05,0.0,20.08,0.0,0.0,5.18
2020-10-13,0.0,4.71,0.0,0.0,1.62,34.66,0.0
2020-10-14,1.48,30.21,0.0,0.0,3.54,1.32,0.0
2020-10-15,0.0,0.0,0.0,2.08,6.68,8.51,0.0
2020-10-16,0.0,0.0,0.0,16.09,0.0,0.0,0.0
2020-10-17,0.0,9.87,2.08,0.0,0.0,0.0,0.0
2020-10-18,0.0,0.0,0.0,0.0,0.0,1.45,1.01
2020-10-19,1.44,0.0,0.0,0.0,3.49,8.31,4.66
2020-10-20,0.0,0.0,0.0,4.95,8.03,1.28,11.15
2020-10-21,0.0,0.0,11.22,6.7,0.0,3.86,0.0
2020-10-22,0.0,12.98,5.11,0.0,4.85,0.0,5.34
2020-10-23,13.66,4.37,0.0,0.0,0.0,9.74,4.27
2020-10-24,4.69,0.0,2.62,0.0,8.62,5.74,0.0
2020-10-25,0.0,1.11,0.0,7.32,11.29,0.0,0.0
2020-10-26,0.0,0.0,0.0,28.42,0.0,0.0,0.0
2020-10-27,0.0,0.0,28.22,0.0,0.0,0.0,0.0
2020-10-28,0.0,10.22,0.0,0.0,0.0,0.0,0.0
2020-10-29,17.16,0.0,0.0,0.0,0.0,1.65,0.0
2020-10-30,0.0,0.0,0.0,0.0,1.15,0.0,0.0
2020-10-31,1.44,0.0,0.0,2.27,1.11,0.0,0.0
2020-11-01,0.0,0.0,10.9,1.3,0.0,0.0,0.0
2020-11-02,0.0,1.93,0.0,0.0,0.0,0.0,25.68
2020-11-03,0.0,0.0,0.0,0.0,0.0,33.19,20.74
2020-11-04,0.0,0.0,0.0,0.0,20.95,23.73,6.16
2020-11-05,0.0,0.0,0.0,8.78,9.68,8.87,30.74
2020-11-06,0.0,0.0,8.59,39.12,14.71,4.89,0.0
2020-11-07,0.0,8.39,15.61,33.51,4.38,0.0,0.0
2020-11-08,4.26,22.63,7.74,1.72,0.0,0.0,0.0
2020-11-09,9.88,50.51,16.19,0.0,0.0,0.0,10.44
2020-11-10,5.18,14.24,10.88,1.41,0.0,11.88,6.35
2020-11-11,2.43,1.04,0.0,0.0,4.96,6.23,4.11
2020-11-12,1.84,1.8,0.0,7.84,13.78,21.68,2.07
2020-11-13,1.61,0.0,4.5,22.86,12.31,13.09,0.0
2020-11-14,0.0,3.69,7.64,42.53,13.41,0.0,0.0
2020-11-15,1.35,7.95,23.12,0.0,0.0,0.0,0.0
2020-11-16,20.43,32.71,0.0,0.0,0.0,3.81,0.0
2020-11-17,40.08,5.15,0.0,0.0,1.75,0.0,0.0
2020-11-18,9.23,0.0,0.0,1.74,1.19,0.0,0.0
2020-11-19,0.0,0.0,6.46,1.74,0.0,0.0,0.0
2020-11-20,0.0,4.22,2.11,0.0,0.0,0.0,0.0
2020-11-21,0.0,0.0,0.0,0.0,0.0,0.0,0.0
2020-11-22,0.0,0.0,0.0,0.0,0.0,0.0,0.0
2020-11-23,0.0,0.0,0.0,0.0,0.0,0.0,0.0
2020-11-24,0.0,0.0,0.0,0.0,0.0,0.0,11.06
2020-11-25,0.0,0.0,0.0,0.0,0.0,2.62,44.69
2020-11-26,0.0,0.0,0.0,0.0,2.51,14.59,6.24
2020-11-27,0.0,0.0,0.0,2.59,26.02,35.82,9.88
2020-11-28,0.0,0.0,12.05,9.53,9.29,27.82,3.06
2020-11-29,2.21,28.45,12.56,5.45,13.33,0.0,1.53
2020-11-30,15.48,9.98,3.61,5.45,2.01,13.81,6.23
2020-12-01,0.0,11.94,2.59,5.0,19.35,19.76,0.0
2020-12-02,3.43,1.29,0.0,26.67,3.12,0.0,1.41
2020-12-03,0.0,2.15,18.25,64.65,0.0,0.0,0.0
2020-12-04,1.46,10.99,36.12,0.0,1.53,2.04,4.64
2020-12-05,32.64,7.1,0.0,0.0,0.0,0.0,5.42
2020-12-06,15.15,0.0,0.0,0.0,0.0,1.44,2.49
2020-12-07,0.0,0.0,0.0,9.78,14.41,13.53,11.24
2020-12-08,0.0,0.0,5.08,0.0,7.26,9.19,11.06
2020-12-09,7.84,5.92,4.56,3.66,8.84,8.12,21.08
2020-12-10,11.65,7.93,8.43,19.49,5.9,2.51,24.5
2020-12-11,8.09,13.71,8.4,5.56,14.45,12.45,28.09
2020-12-12,3.71,6.16,0.0,5.06,2.65,11.35,35.18
2020-12-13,3.76,13.66,16.13,0.0,8.24,10.19,0.0
2020-12-14,32.81,9.89,20.11,21.22,8.25,0.0,9.79
2020-12-15,8.88,16.02,21.69,8.81,0.0,8.62,6.14
2020-12-16,35.53,11.78,10.86,1.74,5.77,3.68,0.0
2020-12-17,10.02,8.49,7.25,13.38,0.0,2.56,2.66
2020-12-18,12.14,3.07,7.76,45.76,1.47,0.0,1.29
2020-12-19,0.0,10.73,1.46,0.0,0.0,0.0,19.92
2020-12-20,12.29,54.89,0.0,0.0,0.0,7.36,16.37
2020-12-21,3.81,0.0,0.0,2.39,24.44,1.06,10.06
2020-12-22,1.26,1.06,0.0,5.05,9.12,16.0,13.76
2020-12-23,0.0,0.0,19.23,27.35,27.55,25.34,5.64
2020-12-24,1.71,2.05,77.19,6.71,8.25,6.74,7.66
2020-12-25,2.92,33.97,36.76,9.18,6.29,5.69,23.54
2020-12-26,8.78,35.98,14.1,10.62,10.48,9.67,0.0
2020-12-27,10.01,12.04,10.87,3.99,18.8,0.0,0.0
2020-12-28,13.15,3.39,26.16,7.97,0.0,0.0,0.0
2020-12-29,7.76,6.38,28.17,0.0,0.0,0.0,0.0
2020-12-30,8.28,25.82,1.64,0.0,0.0,0.0,10.86
2020-12-31,24.83,0.0,0.0,6.8,12.69,8.4,3.08
2021-01-01,4.08,2.66,1.09,11.38,4.58,1.98,14.78
2021-01-02,2.96,3.88,0.0,7.93,17.35,23.53,0.0
2021-01-03,9.53,5.09,0.0,2.19,19.09,23.72,1.28
2021-01-04,0.0,2.75,15.82,10.63,7.36,12.88,0.0
2021-01-05,2.34,8.16,17.3,10.52,18.56,14.76,4.8
2021-01-06,0.0,5.78,0.0,3.27,30.28,26.99,20.59
2021-01-07,21.09,1.68,15.81,14.24,17.11,23.05,34.01
2021-01-08,16.26,3.81,9.28,7.55,26.04,53.24,10.77
2021-01-09,7.47,10.02,5.51,7.25,11.68,14.52,2.13
2021-01-10,21.82,5.51,4.11,41.58,23.78,12.01,5.96
2021-01-11,14.51,1.09,0.0,12.22,11.16,7.86,0.0
2021-01-12,23.06,0.0,12.35,10.86,11.65,34.74,103.55
2021-01-13,6.09,4.54,9.2,10.78,3.7,15.81,12.59
2021-01-14,22.84,16.66,1.72,7.48,29.7,10.82,2.59
2021-01-15,10.01,11.6,11.88,9.34,3.37,2.33,6.34
2021-01-16,5.7,0.0,0.0,0.0,18.55,4.6,2.35
2021-01-17,4.05,0.0,0.0,0.0,0.0,0.0,0.0
2021-01-18,7.58,0.0,0.0,1.91,0.0,0.0,1.84
2021-01-19,0.0,0.0,0.0,0.0,3.32,2.18,6.04
2021-01-20,0.0,0.0,0.0,0.0,0.0,2.59,1.65
2021-01-21,4.82,2.78,0.0,0.0,2.27,1.31,9.38
2021-01-22,0.0,1.37,2.14,1.74,2.32,10.56,7.13
2021-01-23,14.16,12.18,10.68,1.76,8.72,11.1,0.0
2021-01-24,8.21,6.48,1.32,0.0,0.0,0.0,1.77
2021-01-25,12.54,0.0,0.0,0.0,0.0,0.0,8.15
2021-01-26,2.16,0.0,0.0,0.0,0.0,8.08,0.0
2021-01-27,0.0,0.0,0.0,0.0,0.0,0.0,2.84
2021-01-28,2.78,0.0,0.0,5.37,3.64,3.65,9.66
2021-01-29,0.0,0.0,7.21,8.62,2.2,1.49,17.77
2021-01-30,4.75,4.05,6.55,4.71,9.54,23.49,5.88
2021-01-31,2.61,7.84,0.0,6.15,11.8,8.57,11.11
2021-02-01,4.59,3.18,10.58,9.61,18.78,24.06,1.38
2021-02-02,3.81,2.52,29.23,2.15,0.0,0.0,1.27
2021-02-03,3.84,42.69,2.35,1.69,0.0,0.0,15.65
2021-02-04,48.65,3.11,1.15,1.26,0.0,2.42,19.96
2021-02-05,0.0,1.37,0.0,0.0,0.0,22.05,15.82
2021-02-06,3.76,2.39,0.0,5.68,14.18,14.85,11.89
2021-02-07,1.58,0.0,0.0,18.16,7.01,15.28,7.06
2021-02-08,4.41,2.21,26.76,14.76,2.34,6.72,4.21
2021-02-09,10.93,24.78,12.91,5.54,0.0,2.76,14.21
2021-02-10,8.89,14.16,9.19,4.76,14.04,9.92,0.0
2021-02-11,13.39,25.35,7.61,13.95,7.14,1.11,0.0
2021-02-12,15.08,6.05,23.97,0.0,0.0,0.0,3.5
2021-02-13,0.0,13.01,1.15,0.0,8.98,2.55,1.47
2021-02-14,0.0,1.16,3.79,1.11,1.43,1.4,0.0
2021-02-15,4.36,2.29,1.71,1.15,0.0,0.0,0.0
2021-02-16,2.91,0.0,0.0,0.0,0.0,0.0,0.0
2021-02-17,0.0,0.0,0.0,0.0,0.0,1.52,1.67
2021-02-18,0.0,0.0,0.0,0.0,3.4,12.22,0.0
2021-02-19,0.0,0.0,3.72,2.93,9.37,1.42,0.0
2021-02-20,0.0,0.0,0.0,6.22,2.16,0.0,0.0
2021-02-21,0.0,0.0,6.6,8.16,0.0,0.0,3.36
2021-02-22,0.0,0.0,9.99,16.38,11.41,12.17,4.33
2021-02-23,0.0,14.03,3.19,12.81,12.07,10.73,3.77
2021-02-24,20.2,16.62,7.22,9.59,1.12,6.87,5.22
2021-02-25,9.95,9.46,5.88,1.41,4.67,5.47,3.99
2021-02-26,12.94,3.28,2.78,3.47,1.03,7.42,5.68
2021-02-27,7.21,0.0,0.0,0.0,1.58,1.06,3.86
2021-02-28,0.0,0.0,0.0,0.0,10.61,9.9,4.77
2021-03-01,2.7,0.0,0.0,6.68,9.97,8.24,2.56
2021-03-02,0.0,0.0,5.03,19.84,15.39,4.12,0.0
2021-03-03,8.13,8.1,10.21,1.52,1.72,1.01,0.0
2021-03-04,10.49,13.32,9.45,12.0,0.0,6.8,0.0
2021-03-05,11.87,22.7,3.96,0.0,5.83,2.01,1.05
2021-03-06,5.21,6.97,1.47,0.0,3.02,0.0,3.64
2021-03-07,0.0,0.0,3.9,4.57,0.0,0.0,0.0
2021-03-08,0.0,1.41,3.62,0.0,0.0,0.0,6.77
2021-03-09,0.0,0.0,0.0,0.0,8.37,8.11,5.09
2021-03-10,0.0,1.68,2.84,5.25,6.79,15.13,6.82
2021-03-11,2.31,2.52,4.83,0.0,0.0,0.0,1.61
2021-03-12,2.03,0.0,5.18,1.17,1.92,2.63,3.84
2021-03-13,2.08,0.0,2.52,2.63,6.32,7.12,0.0
2021-03-14,2.22,4.38,1.19,0.0,0.0,0.0,0.0
2021-03-15,3.61,4.47,3.02,1.95,2.04,2.24,9.87
2021-03-16,0.0,0.0,0.0,0.0,0.0,0.0,0.0
2021-03-17,4.35,2.89,0.0,0.0,0.0,0.0,0.0
2021-03-18,10.87,0.0,0.0,0.0,0.0,0.0,0.0
2021-03-19,0.0,0.0,0.0,0.0,0.0,0.0,3.25
2021-03-20,0.0,0.0,0.0,0.0,1.05,1.42,1.68
2021-03-21,0.0,0.0,0.0,0.0,1.99,1.26,0.0
2021-03-22,0.0,0.0,1.39,2.98,0.0,0.0,0.0
2021-03-23,0.0,0.0,0.0,0.0,0.0,0.0,6.08
2021-03-24,0.0,0.0,0.0,0.0,4.21,4.84,9.08
2021-03-25,0.0,0.0,1.21,3.09,6.55,0.0,0.0
2021-03-26,0.0,0.0,2.52,9.36,8.49,0.0,0.0
2021-03-27,1.43,1.41,5.95,3.91,0.0,0.0,0.0
2021-03-28,0.0,4.69,1.69,0.0,0.0,0.0,0.0
2021-03-29,6.17,0.0,0.0,0.0,0.0,0.0,0.0
2021-03-30,0.0,0.0,0.0,0.0,0.0,0.0,15.69
2021-03-31,0.0,0.0,0.0,0.0,0.0,13.05,1.26
2021-04-01,0.0,0.0,0.0,0.0,20.66,7.9,0.0
2021-04-02,0.0,0.0,0.0,12.75,12.44,1.72,5.99
2021-04-03,0.0,0.0,0.0,1.04,0.0,0.0,0.0
2021-04-04,0.0,0.0,0.0,0.0,0.0,0.0,0.0
2021-04-05,8.79,0.0,0.0,0.0,0.0,0.0,7.18
2021-04-06,0.0,0.0,0.0,0.0,0.0,0.0,0.0
2021-04-07,0.0,0.0,0.0,0.0,0.0,0.0,3.27
2021-04-08,0.0,0.0,0.0,0.0,0.0,0.0,4.11
2021-04-09,0.0,0.0,0.0,0.0,0.0,1.1,0.0
2021-04-10,0.0,0.0,0.0,0.0,0.0,0.0,3.05
2021-04-11,0.0,0.0,0.0,0.0,0.0,0.0,7.76
2021-04-12,0.0,0.0,0.0,0.0,1.15,2.28,0.0
2021-04-13,0.0,0.0,0.0,5.65,5.01,0.0,0.0
2021-04-14,0.0,0.0,3.45,4.07,3.55,0.0,0.0
2021-04-15,0.0,4.24,4.26,0.0,0.0,0.0,0.0
2021-04-16,3.19,3.5,0.0,0.0,0.0,0.0,0.0
2021-04-17,0.0,0.0,0.0,0.0,0.0,0.0,0.0
2021-04-18,0.0,0.0,0.0,0.0,0.0,0.0,0.0
2021-04-19,0.0,0.0,0.0,0.0,0.0,0.0,0.0
2021-04-20,0.0,0.0,0.0,0.0,0.0,4.29,0.0
2021-04-21,0.0,0.0,0.0,0.0,0.0,2.69,0.0
2021-04-22,0.0,0.0,0.0,0.0,1.27,0.0,0.0
2021-04-23,0.0,0.0,0.0,3.29,0.0,0.0,0.0
2021-04-24,0.0,0.0,3.37,0.0,0.0,0.0,0.0
2021-04-25,0.0,1.54,0.0,0.0,0.0,0.0,0.0
2021-04-26,1.2,0.0,0.0,0.0,0.0,0.0,0.0
2021-04-27,0.0,0.0,0.0,0.0,0.0,0.0,0.0
2021-04-28,0.0,0.0,0.0,0.0,0.0,0.0,0.0
2021-04-29,0.0,0.0,0.0,0.0,0.0,0.0,0.0
2021-04-30,0.0,0.0,0.0,0.0,0.0,0.0,0.0
2021-05-01,0.0,0.0,0.0,0.0,0.0,0.0,0.0
2021-05-02,0.0,0.0,0.0,0.0,0.0,0.0,0.0
2021-05-03,0.0,0.0,0.0,0.0,0.0,0.0,0.0
2021-05-04,0.0,0.0,0.0,0.0,0.0,0.0,0.0
2021-05-05,0.0,0.0,0.0,0.0,0.0,0.0,0.0
2021-05-06,0.0,0.0,0.0,0.0,0.0,0.0,0.0
2021-05-07,0.0,0.0,0.0,0.0,0.0,0.0,0.0
2021-05-08,0.0,0.0,0.0,3.78,3.34,0.0,0.0
2021-05-09,0.0,0.0,0.0,2.61,0.0,0.0,0.0
2021-05-10,0.0,0.0,4.23,0.0,0.0,0.0,0.0
2021-05-11,0.0,1.63,0.0,1.15,0.0,0.0,0.0
2021-05-12,1.97,0.0,1.99,0.0,0.0,0.0,0.0
2021-05-13,0.0,2.3,0.0,0.0,0.0,0.0,0.0
2021-05-14,0.0,0.0,0.0,0.0,0.0,0.0,0.0
2021-05-15,0.0,0.0,0.0,0.0,0.0,0.0,0.0
2021-05-16,0.0,0.0,0.0,0.0,0.0,0.0,0.0
2021-05-17,0.0,0.0,0.0,0.0,1.18,1.63,0.0
2021-05-18,0.0,0.0,0.0,0.0,2.85,0.0,1.91
2021-05-19,0.0,0.0,0.0,0.0,0.0,0.0,10.53
2021-05-20,0.0,0.0,7.45,0.0,0.0,5.89,1.9
2021-05-21,0.0,4.47,0.0,0.0,7.47,1.59,1.33
2021-05-22,2.32,0.0,0.0,3.09,1.85,0.0,0.0
2021-05-23,0.0,0.0,1.07,2.27,0.0,1.84,9.55
2021-05-24,0.0,1.24,3.34,0.0,0.0,0.0,10.29
2021-05-25,0.0,0.0,0.0,1.43,1.65,6.23,2.84
2021-05-26,0.0,0.0,1.48,0.0,1.47,7.48,6.57
2021-05-27,0.0,0.0,1.27,0.0,1.98,0.0,0.0
2021-05-28,0.0,1.25,0.0,0.0,2.21,1.35,0.0
2021-05-29,4.36,6.82,0.0,0.0,0.0,0.0,0.0
2021-05-30,1.7,0.0,0.0,0.0,0.0,0.0,0.0
2021-05-31,0.0,0.0,0.0,0.0,0.0,0.0,0.0
2021-06-01,0.0,0.0,0.0,0.0,0.0,0.0,4.14
2021-06-02,0.0,0.0,0.0,0.0,0.0,2.91,0.0
2021-06-03,0.0,0.0,0.0,0.0,1.77,9.95,11.48
2021-06-04,0.0,0.0,0.0,6.42,7.76,0.0,0.0
2021-06-05,0.0,1.39,8.43,5.54,0.0,0.0,0.0
2021-06-06,9.44,3.34,2.45,14.62,8.79,0.0,0.0
2021-06-07,0.0,0.0,11.39,8.05,0.0,0.0,0.0
2021-06-08,0.0,12.26,10.12,0.0,0.0,0.0,0.0
2021-06-09,12.6,0.0,0.0,0.0,0.0,0.0,0.0
2021-06-10,0.0,0.0,0.0,0.0,0.0,0.0,0.0
2021-06-11,0.0,0.0,0.0,0.0,0.0,0.0,0.0
2021-06-12,0.0,0.0,0.0,0.0,0.0,4.32,14.66
2021-06-13,0.0,0.0,0.0,0.0,0.0,16.5,0.0
2021-06-14,0.0,0.0,0.0,0.0,0.0,0.0,0.0
2021-06-15,0.0,0.0,0.0,0.0,0.0,0.0,0.0
2021-06-16,0.0,0.0,0.0,0.0,0.0,0.0,0.0
2021-06-17,0.0,0.0,0.0,0.0,0.0,0.0,0.0
2021-06-18,0.0,0.0,0.0,0.0,0.0,0.0,0.0
2021-06-19,0.0,0.0,8.19,0.0,0.0,0.0,0.0
2021-06-20,0.0,1.85,0.0,0.0,0.0,0.0,0.0
2021-06-21,9.32,0.0,0.0,0.0,0.0,0.0,0.0
2021-06-22,0.0,0.0,0.0,0.0,0.0,0.0,0.0
2021-06-23,0.0,0.0,0.0,0.0,0.0,0.0,0.0
2021-06-24,0.0,0.0,0.0,0.0,0.0,0.0,0.0
2021-06-25,0.0,0.0,0.0,0.0,0.0,0.0,0.0
2021-06-26,0.0,0.0,0.0,0.0,0.0,0.0,0.0
2021-06-27,0.0,0.0,0.0,0.0,0.0,0.0,0.0
2021-06-28,0.0,0.0,0.0,0.0,0.0,0.0,0.0
2021-06-29,0.0,0.0,0.0,0.0,0.0,0.0,0.0
2021-06-30,0.0,0.0,0.0,0.0,0.0,0.0,0.0
2021-07-01,0.0,0.0,0.0,0.0,0.0,0.0,0.0
2021-07-02,0.0,0.0,0.0,0.0,0.0,0.0,0.0
2021-07-03,0.0,0.0,0.0,0.0,0.0,0.0,0.0
2021-07-04,0.0,0.0,0.0,0.0,0.0,0.0,0.0
2021-07-05,0.0,0.0,0.0,0.0,0.0,0.0,0.0
2021-07-06,0.0,0.0,0.0,0.0,0.0,0.0,0.0
2021-07-07,0.0,0.0,0.0,0.0,0.0,0.0,0.0
2021-07-08,0.0,0.0,0.0,0.0,0.0,0.0,0.0
2021-07-09,0.0,0.0,0.0,0.0,0.0,0.0,0.0
2021-07-10,0.0,0.0,0.0,0.0,0.0,0.0,0.0
2021-07-11,0.0,0.0,0.0,0.0,0.0,0.0,0.0
2021-07-12,0.0,0.0,0.0,0.0,0.0,0.0,0.0
2021-07-13,0.0,0.0,0.0,0.0,0.0,0.0,0.0
2021-07-14,0.0,0.0,0.0,1.11,0.0,0.0,0.0
2021-07-15,0.0,0.0,1.45,0.0,0.0,0.0,0.0
2021-07-16,2.5,0.0,0.0,0.0,0.0,0.0,0.0
2021-07-17,0.0,0.0,0.0,0.0,0.0,0.0,0.0
2021-07-18,0.0,0.0,0.0,0.0,0.0,0.0,0.0
2021-07-19,0.0,0.0,0.0,0.0,0.0,0.0,0.0
2021-07-20,0.0,0.0,0.0,0.0,0.0,0.0,0.0
2021-07-21,0.0,0.0,0.0,0.0,0.0,0.0,2.36
2021-07-22,0.0,0.0,0.0,0.0,0.0,2.3,9.77
2021-07-23,0.0,0.0,0.0,0.0,2.48,2.49,0.0
2021-07-24,0.0,0.0,0.0,0.0,0.0,0.0,0.0
2021-07-25,0.0,0.0,3.1,0.0,0.0,0.0,0.0
2021-07-26,0.0,1.6,0.0,0.0,0.0,0.0,0.0
2021-07-27,9.77,0.0,0.0,0.0,0.0,0.0,0.0
2021-07-28,0.0,0.0,0.0,0.0,0.0,0.0,0.0
2021-07-29,0.0,0.0,0.0,0.0,0.0,0.0,0.0
2021-07-30,0.0,0.0,0.0,0.0,0.0,0.0,0.0
2021-07-31,0.0,0.0,0.0,0.0,0.0,0.0,0.0
2021-08-01,0.0,0.0,0.0,0.0,0.0,0.0,0.0
2021-08-02,0.0,0.0,0.0,0.0,0.0,0.0,0.0
2021-08-03,0.0,0.0,0.0,0.0,0.0,0.0,0.0
2021-08-04,0.0,0.0,0.0,0.0,0.0,0.0,0.0
2021-08-05,0.0,0.0,0.0,0.0,0.0,0.0,0.0
2021-08-06,0.0,0.0,0.0,0.0,0.0,0.0,0.0
2021-08-07,0.0,0.0,0.0,0.0,0.0,0.0,0.0
2021-08-08,0.0,0.0,0.0,0.0,0.0,0.0,0.0
2021-08-09,0.0,0.0,0.0,0.0,0.0,0.0,0.0
2021-08-10,0.0,0.0,0.0,0.0,0.0,0.0,0.0
2021-08-11,0.0,0.0,0.0,0.0,0.0,0.0,0.0
2021-08-12,0.0,1.06,0.0,0.0,0.0,0.0,0.0
2021-08-13,0.0,0.0,0.0,0.0,0.0,0.0,0.0
2021-08-14,0.0,0.0,0.0,0.0,0.0,0.0,0.0
2021-08-15,1.17,0.0,0.0,0.0,0.0,0.0,0.0
2021-08-16,0.0,0.0,0.0,0.0,0.0,0.0,0.0
2021-08-17,0.0,0.0,0.0,0.0,0.0,0.0,0.0
2021-08-18,0.0,0.0,0.0,0.0,0.0,0.0,0.0
2021-08-19,0.0,0.0,0.0,0.0,0.0,0.0,0.0
2021-08-20,0.0,0.0,0.0,0.0,0.0,0.0,0.0
2021-08-21,0.0,0.0,0.0,0.0,0.0,0.0,0.0
2021-08-22,0.0,0.0,0.0,0.0,0.0,0.0,0.0
2021-08-23,0.0,0.0,0.0,0.0,0.0,0.0,7.0
2021-08-24,0.0,0.0,0.0,0.0,0.0,5.39,3.63
2021-08-25,0.0,0.0,0.0,0.0,0.0,0.0,0.0
2021-08-26,0.0,0.0,0.0,0.0,0.0,0.0,0.0
2021-08-27,3.83,0.0,0.0,0.0,0.0,0.0,0.0
2021-08-28,2.18,2.78,0.0,0.0,0.0,0.0,0.0
2021-08-29,0.0,0.0,0.0,0.0,0.0,0.0,0.0
2021-08-30,0.0,0.0,0.0,0.0,0.0,0.0,0.0
2021-08-31,0.0,0.0,0.0,0.0,0.0,0.0,0.0
2021-09-01,0.0,0.0,0.0,0.0,0.0,0.0,0.0
2021-09-02,0.0,0.0,0.0,0.0,0.0,0.0,0.0
2021-09-03,0.0,0.0,0.0,0.0,0.0,0.0,0.0
2021-09-04,0.0,0.0,0.0,0.0,0.0,6.2,0.0
2021-09-05,0.0,0.0,0.0,0.0,7.25,5.98,0.0
2021-09-06,0.0,0.0,0.0,8.35,5.52,0.0,0.0
2021-09-07,0.0,0.0,2.13,4.6,0.0,0.0,0.0
2021-09-08,0.0,3.23,3.49,0.0,0.0,0.0,0.0
2021-09-09,12.12,0.0,0.0,0.0,0.0,0.0,0.0
2021-09-10,0.0,0.0,0.0,0.0,0.0,0.0,0.0
2021-09-11,0.0,0.0,0.0,0.0,0.0,0.0,2.05
2021-09-12,0.0,0.0,0.0,0.0,0.0,0.0,0.0
2021-09-13,0.0,0.0,0.0,0.0,0.0,0.0,0.0
2021-09-14,0.0,0.0,0.0,0.0,0.0,0.0,0.0
2021-09-15,0.0,0.0,0.0,0.0,0.0,0.0,0.0
2021-09-16,3.77,0.0,0.0,0.0,0.0,0.0,0.0
2021-09-17,0.0,0.0,0.0,0.0,0.0,0.0,0.0
2021-09-18,0.0,0.0,0.0,0.0,0.0,0.0,1.47
2021-09-19,0.0,0.0,0.0,0.0,0.0,0.0,1.38
2021-09-20,0.0,0.0,0.0,0.0,1.21,0.0,0.0
2021-09-21,0.0,0.0,0.0,0.0,0.0,0.0,0.0
2021-09-22,0.0,0.0,1.59,1.06,0.0,0.0,0.0
2021-09-23,0.0,0.0,0.0,0.0,0.0,0.0,0.0
2021-09-24,4.09,2.25,0.0,0.0,0.0,0.0,4.46
2021-09-25,0.0,0.0,0.0,0.0,0.0,0.0,0.0
2021-09-26,0.0,0.0,0.0,0.0,0.0,0.0,0.0
2021-09-27,0.0,0.0,0.0,0.0,1.79,12.23,14.13
2021-09-28,0.0,0.0,0.0,0.0,2.88,22.13,0.0
2021-09-29,0.0,3.29,2.52,1.44,0.0,0.0,0.0
2021-09-30,5.92,5.81,1.41,0.0,0.0,0.0,0.0
2021-10-01,2.95,2.52,0.0,0.0,5.44,0.0,1.56
2021-10-02,6.97,1.92,0.0,2.12,6.85,0.0,0.0
2021-10-03,5.96,0.0,1.34,0.0,12.07,27.15,20.37
2021-10-04,0.0,6.14,2.13,12.86,12.78,36.47,0.0
2021-10-05,2.51,5.94,1.58,6.23,23.52,13.85,1.23
2021-10-06,0.0,0.0,6.75,40.07,15.25,0.0,0.0
2021-10-07,0.0,7.82,19.14,2.01,0.0,0.0,20.4
2021-10-08,19.2,8.56,3.22,2.53,0.0,8.55,5.12
2021-10-09,15.11,0.0,2.85,0.0,5.57,17.95,3.19
2021-10-10,1.56,3.26,0.0,0.0,12.73,4.45,5.62
2021-10-11,6.52,0.0,1.73,9.74,6.46,5.41,1.24
2021-10-12,0.0,6.72,5.66,7.01,5.56,2.13,0.0
2021-10-13,0.0,0.0,5.96,9.19,6.64,1.08,0.0
2021-10-14,0.0,4.67,1.6,3.21,0.0,0.0,0.0
2021-10-15,6.99,0.0,15.45,14.44,15.31,0.0,0.0
2021-10-16,0.0,20.77,16.44,20.3,0.0,0.0,0.0
2021-10-17,11.72,17.62,2.29,0.0,0.0,0.0,35.14
2021-10-18,4.89,4.36,0.0,0.0,0.0,24.07,0.0
2021-10-19,5.21,0.0,0.0,0.0,24.72,0.0,2.76
2021-10-20,0.0,0.0,0.0,27.39,2.06,2.6,10.78
2021-10-21,0.0,0.0,11.0,8.74,2.84,2.24,5.79
2021-10-22,0.0,11.37,5.42,3.91,12.0,8.49,12.22
2021-10-23,15.3,0.0,2.03,5.78,10.0,3.66,0.0
2021-10-24,0.0,5.08,6.8,5.68,9.69,0.0,1.41
2021-10-25,0.0,13.05,7.16,0.0,0.0,0.0,27.77
2021-10-26,6.28,2.09,1.05,0.0,2.62,7.1,0.0
2021-10-27,10.16,4.16,2.62,2.54,0.0,0.0,0.0
2021-10-28,0.0,2.26,1.75,6.25,0.0,0.0,0.0
2021-10-29,3.47,2.05,3.34,0.0,0.0,0.0,0.0
2021-10-30,2.26,9.19,0.0,0.0,0.0,0.0,0.0
2021-10-31,6.68,0.0,0.0,0.0,0.0,0.0,0.0
2021-11-01,0.0,0.0,0.0,0.0,0.0,2.24,6.49
2021-11-02,0.0,0.0,0.0,0.0,7.3,1.26,0.0
2021-11-03,0.0,0.0,0.0,0.0,6.67,2.59,6.93
2021-11-04,0.0,0.0,0.0,6.21,3.88,0.0,0.0
2021-11-05,0.0,0.0,11.16,2.64,0.0,0.0,15.88
2021-11-06,0.0,4.46,0.0,0.0,0.0,3.42,0.0
2021-11-07,0.0,4.92,0.0,0.0,0.0,0.0,0.0
2021-11-08,0.0,0.0,2.27,3.4,0.0,0.0,0.0
2021-11-09,1.08,5.49,0.0,0.0,0.0,0.0,0.0
2021-11-10,3.03,0.0,0.0,0.0,0.0,0.0,0.0
2021-11-11,0.0,0.0,0.0,0.0,0.0,0.0,8.28
2021-11-12,0.0,0.0,0.0,0.0,0.0,0.0,7.34
2021-11-13,0.0,0.0,0.0,0.0,0.0,3.36,21.64
2021-11-14,0.0,0.0,0.0,10.78,32.84,0.0,0.0
2021-11-15,0.0,0.0,9.29,37.59,0.0,0.0,0.0
2021-11-16,0.0,8.41,11.66,0.0,0.0,0.0,0.0
2021-11-17,5.52,6.01,0.0,0.0,0.0,0.0,0.0
2021-11-18,11.4,0.0,0.0,0.0,0.0,0.0,0.0
2021-11-19,0.0,0.0,0.0,0.0,0.0,0.0,1.73
2021-11-20,0.0,0.0,0.0,0.0,0.0,13.34,0.0
2021-11-21,0.0,0.0,0.0,4.39,6.51,1.48,0.0
2021-11-22,0.0,0.0,0.0,0.0,0.0,0.0,0.0
2021-11-23,0.0,2.01,1.85,0.0,0.0,0.0,5.96
2021-11-24,4.78,2.08,1.6,0.0,0.0,14.93,0.0
2021-11-25,8.44,3.16,0.0,0.0,9.25,0.0,0.0
2021-11-26,1.89,0.0,0.0,16.48,0.0,0.0,0.0
2021-11-27,0.0,0.0,27.41,0.0,0.0,0.0,0.0
2021-11-28,0.0,21.13,0.0,0.0,0.0,0.0,0.0
2021-11-29,5.35,0.0,0.0,0.0,0.0,0.0,7.82
2021-11-30,1.62,0.0,0.0,0.0,0.0,9.63,11.91
2021-12-01,1.54,5.77,0.0,0.0,17.72,3.37,1.14
2021-12-02,1.67,0.0,3.43,19.81,0.0,0.0,0.0
2021-12-03,0.0,3.58,22.86,0.0,0.0,0.0,0.0
2021-12-04,3.84,11.71,0.0,3.9,0.0,0.0,0.0
2021-12-05,1.17,0.0,2.0,0.0,0.0,0.0,0.0
2021-12-06,1.49,3.23,0.0,0.0,0.0,0.0,10.71
2021-12-07,0.0,0.0,0.0,0.0,2.21,9.9,15.18
2021-12-08,,,,,,,
2021-12-09,0.0,0.0,2.66,9.69,20.91,15.06,19.67
2021-12-10,,,,,,,
2021-12-11,3.37,15.54,5.19,12.07,15.35,5.8,0.0
2021-12-12,4.72,17.98,26.15,2.79,5.18,0.0,0.0
2021-12-13,5.75,4.58,9.95,12.74,0.0,0.0,0.0
2021-12-14,6.85,8.21,0.0,0.0,0.0,0.0,1.36
2021-12-15,14.35,3.73,0.0,0.0,0.0,0.0,28.84
2021-12-16,26.17,0.0,0.0,0.0,0.0,0.0,28.55
2021-12-17,0.0,0.0,0.0,0.0,1.77,28.54,8.05
2021-12-18,0.0,0.0,0.0,0.0,8.8,0.0,0.0
2021-12-19,0.0,0.0,7.86,0.0,0.0,0.0,0.0
2021-12-20,0.0,7.73,0.0,0.0,0.0,0.0,2.98
2021-12-21,5.96,4.16,0.0,0.0,0.0,1.81,7.22
2021-12-22,1.81,0.0,0.0,0.0,4.48,3.47,0.0
2021-12-23,0.0,0.0,0.0,5.29,8.34,0.0,0.0
2021-12-24,0.0,0.0,10.23,8.19,0.0,0.0,7.14
2021-12-25,0.0,14.77,15.88,1.87,0.0,11.32,33.74
2021-12-26,5.08,11.99,5.07,1.75,27.97,5.12,8.4
2021-12-27,12.48,14.47,7.02,29.45,6.73,3.99,12.55
2021-12-28,6.62,11.2,8.85,11.82,3.72,0.0,5.74
2021-12-29,1.37,7.05,5.28,4.16,9.57,5.01,13.06
2021-12-30,15.15,7.32,4.62,6.73,10.44,6.55,18.18
2021-12-31,,,,,,,
2022-01-01,7.59,11.37,8.05,7.6,13.06,1.67,18.14
2022-01-02,12.14,8.58,14.4,15.83,15.43,4.47,9.39
2022-01-03,8.34,2.64,17.15,0.0,1.65,0.0,4.73
2022-01-04,7.96,8.41,0.0,0.0,4.63,10.22,7.9
2022-01-05,17.22,1.14,3.44,3.35,2.67,12.33,2.61
2022-01-06,1.37,0.0,0.0,6.71,4.63,3.75,6.71
2022-01-07,0.0,0.0,1.72,2.72,5.08,7.76,8.84
2022-01-08,2.19,4.01,4.96,6.75,3.66,0.0,0.0
2022-01-09,4.48,15.29,18.09,4.43,0.0,0.0,0.0
2022-01-10,3.26,5.77,3.56,0.0,0.0,7.89,2.34
2022-01-11,9.43,5.66,0.0,0.0,4.3,1.28,2.44
2022-01-12,3.69,2.87,0.0,5.33,4.0,3.49,2.17
2022-01-13,3.54,6.76,5.01,5.09,8.43,0.0,0.0
2022-01-14,5.07,14.91,6.46,11.55,5.49,7.23,9.51
2022-01-15,3.53,4.77,7.02,3.33,4.72,0.0,3.0
2022-01-16,3.5,4.45,5.41,4.56,5.47,8.37,9.26
2022-01-17,1.02,8.31,5.03,8.99,7.82,1.68,3.65
2022-01-18,7.88,7.67,0.0,4.67,3.72,4.36,4.18
2022-01-19,0.0,0.0,0.0,0.0,0.0,0.0,0.0
2022-01-20,0.0,0.0,0.0,0.0,2.11,1.18,0.0
2022-01-21,0.0,0.0,0.0,6.79,6.05,0.0,9.04
2022-01-22,0.0,0.0,3.55,5.89,4.69,5.54,9.37
2022-01-23,0.0,2.52,3.17,0.0,8.88,17.2,21.64
2022-01-24,0.0,1.71,4.22,5.69,18.0,28.72,5.35
2022-01-25,6.49,3.21,4.35,6.81,18.51,8.77,2.24
2022-01-26,6.77,21.16,18.06,26.26,16.58,3.65,0.0
2022-01-27,11.0,25.73,17.22,25.61,6.48,5.69,2.71
2022-01-28,26.38,32.68,45.92,3.98,0.0,0.0,0.0
2022-01-29,45.36,40.51,4.98,0.0,0.0,0.0,0.0
2022-01-30,21.07,9.96,12.49,0.0,7.49,8.1,6.51
2022-01-31,,,,,,,
2022-02-01,5.08,3.89,3.82,6.94,5.59,6.7,15.72
2022-02-02,14.06,2.38,1.94,11.46,7.74,30.75,11.46
2022-02-03,1.45,26.81,17.0,17.01,20.38,0.0,0.0
2022-02-04,5.03,9.75,6.6,0.0,0.0,0.0,0.0
2022-02-05,13.08,2.76,0.0,0.0,0.0,0.0,0.0
2022-02-06,9.9,0.0,0.0,0.0,4.81,3.45,5.66
2022-02-07,2.69,0.0,0.0,2.74,0.0,0.0,0.0
2022-02-08,0.0,0.0,1.32,0.0,0.0,1.08,4.79
2022-02-09,0.0,0.0,0.0,0.0,0.0,3.27,3.43
2022-02-10,2.04,0.0,0.0,0.0,2.01,5.23,2.64
2022-02-11,0.0,0.0,0.0,5.69,2.25,2.59,9.23
2022-02-12,0.0,0.0,5.44,0.0,0.0,4.63,5.94
2022-02-13,0.0,3.38,0.0,0.0,4.11,0.0,9.82
2022-02-14,4.44,0.0,0.0,0.0,2.27,15.03,1.49
2022-02-15,0.0,5.39,0.0,1.26,14.52,3.86,2.18
2022-02-16,10.82,0.0,4.71,3.39,5.46,7.64,5.31
2022-02-17,1.76,0.0,4.02,2.84,0.0,1.46,1.4
2022-02-18,0.0,0.0,0.0,0.0,0.0,2.55,2.91
2022-02-19,1.65,10.79,7.12,2.8,5.86,1.94,5.79
2022-02-20,2.05,0.0,5.1,4.86,3.4,2.94,1.98
2022-02-21,0.0,0.0,1.83,0.0,0.0,5.04,1.69
2022-02-22,6.69,7.08,0.0,0.0,1.96,2.98,8.02
2022-02-23,5.79,0.0,0.0,1.56,1.43,3.31,0.0
2022-02-24,0.0,0.0,0.0,0.0,4.12,0.0,0.0
2022-02-25,0.0,0.0,2.02,0.0,0.0,0.0,2.09
2022-02-26,0.0,0.0,0.0,0.0,1.72,2.35,1.18
2022-02-27,1.83,2.17,0.0,0.0,2.53,2.7,0.0
2022-02-28,,,,,,,
2022-03-01,0.0,0.0,0.0,2.86,0.0,0.0,2.77
2022-03-02,0.0,1.21,1.37,1.19,0.0,5.12,3.93
2022-03-03,0.0,0.0,2.31,0.0,0.0,0.0,0.0
2022-03-04,0.0,2.05,0.0,0.0,0.0,0.0,1.22
2022-03-05,6.48,0.0,1.44,0.0,6.8,4.89,9.97
2022-03-06,2.43,0.0,0.0,1.15,10.49,4.24,2.81
2022-03-07,0.0,0.0,1.26,4.91,0.0,8.55,13.22
2022-03-08,0.0,0.0,4.65,6.35,12.34,13.34,6.02
2022-03-09,0.0,8.67,9.16,10.43,9.84,0.0,5.39
2022-03-10,5.25,9.19,8.89,6.8,3.56,0.0,3.1
2022-03-11,5.29,43.53,19.62,2.18,6.44,1.3,1.32
2022-03-12,6.03,3.97,17.41,10.27,8.4,1.77,0.0
2022-03-13,8.91,7.96,7.68,1.84,0.0,0.0,11.88
2022-03-14,7.15,2.17,1.52,0.0,3.81,2.92,0.0
2022-03-15,1.43,0.0,0.0,2.06,7.28,0.0,0.0
2022-03-16,0.0,2.42,7.68,28.18,0.0,0.0,0.0
2022-03-17,1.38,6.61,18.33,0.0,0.0,0.0,1.2
2022-03-18,0.0,14.67,0.0,0.0,0.0,0.0,1.16
2022-03-19,8.89,0.0,0.0,0.0,0.0,0.0,0.0
2022-03-20,0.0,0.0,0.0,0.0,0.0,0.0,2.33
2022-03-21,0.0,0.0,0.0,0.0,0.0,7.08,8.2
2022-03-22,0.0,0.0,0.0,0.0,15.2,15.38,2.41
2022-03-23,0.0,0.0,0.0,13.22,5.33,7.15,3.86
2022-03-24,0.0,2.5,7.82,2.7,3.81,2.12,14.75
2022-03-25,3.52,10.81,5.19,2.74,0.0,3.32,0.0
2022-03-26,13.97,6.33,3.24,0.0,7.47,1.31,0.0
2022-03-27,1.77,1.67,0.0,3.06,0.0,2.11,5.17
2022-03-28,1.58,0.0,2.95,5.06,0.0,2.02,5.43
2022-03-29,0.0,1.81,1.27,0.0,0.0,0.0,3.75
2022-03-30,0.0,0.0,1.56,0.0,0.0,0.0,1.28
2022-03-31,,,,,,,
2022-04-01,1.53,0.0,4.3,7.13,0.0,0.0,0.0
2022-04-02,0.0,2.98,10.84,2.51,1.5,2.27,4.1
2022-04-03,3.16,7.61,0.0,1.15,4.9,5.12,4.41
2022-04-04,1.83,0.0,1.65,9.86,3.17,1.59,7.85
2022-04-05,0.0,0.0,9.11,7.02,1.59,3.91,0.0
2022-04-06,0.0,6.17,7.06,4.22,0.0,0.0,1.53
2022-04-07,11.72,2.3,0.0,2.15,6.62,0.0,3.1
2022-04-08,8.69,0.0,3.74,3.68,2.51,22.87,0.0
2022-04-09,0.0,0.0,0.0,2.16,11.88,0.0,0.0
2022-04-10,0.0,1.74,4.72,6.01,0.0,0.0,0.0
2022-04-11,2.47,3.97,12.8,0.0,0.0,0.0,0.0
2022-04-12,3.62,2.94,0.0,0.0,0.0,0.0,5.33
2022-04-13,1.02,0.0,0.0,0.0,0.0,1.36,0.0
2022-04-14,0.0,0.0,0.0,0.0,0.0,0.0,0.0
2022-04-15,0.0,0.0,0.0,0.0,0.0,0.0,0.0
2022-04-16,0.0,0.0,0.0,0.0,0.0,0.0,0.0
2022-04-17,0.0,0.0,0.0,0.0,0.0,0.0,0.0
2022-04-18,0.0,0.0,0.0,0.0,0.0,0.0,0.0
2022-04-19,0.0,0.0,0.0,0.0,0.0,0.0,0.0
2022-04-20,0.0,0.0,0.0,0.0,0.0,0.0,0.0
2022-04-21,0.0,0.0,0.0,0.0,0.0,0.0,0.0
2022-04-22,0.0,0.0,0.0,0.0,0.0,0.0,0.0
2022-04-23,0.0,0.0,0.0,0.0,0.0,0.0,0.0
2022-04-24,0.0,0.0,0.0,0.0,0.0,0.0,0.0
2022-04-25,0.0,0.0,0.0,0.0,0.0,0.0,0.0
2022-04-26,0.0,0.0,0.0,0.0,0.0,0.0,0.0
2022-04-27,0.0,0.0,2.36,0.0,0.0,0.0,0.0
2022-04-28,0.0,0.0,0.0,0.0,0.0,0.0,0.0
2022-04-29,0.0,0.0,0.0,0.0,0.0,0.0,0.0
2022-04-30,,,,,,,
2022-05-01,10.33,0.0,1.68,0.0,0.0,0.0,0.0
2022-05-02,,,,,,,
2022-05-03,1.47,0.0,0.0,0.0,0.0,0.0,0.0
2022-05-04,0.0,0.0,0.0,0.0,0.0,0.0,0.0
2022-05-05,0.0,0.0,0.0,0.0,0.0,0.0,0.0
2022-05-06,0.0,0.0,0.0,0.0,0.0,0.0,0.0
2022-05-07,0.0,0.0,0.0,0.0,0.0,0.0,3.07
2022-05-08,0.0,0.0,1.44,0.0,0.0,0.0,3.55
2022-05-09,0.0,0.0,0.0,0.0,0.0,4.31,0.0
2022-05-10,0.0,0.0,0.0,0.0,6.12,0.0,1.18
2022-05-11,0.0,0.0,0.0,6.13,0.0,0.0,0.0
2022-05-12,0.0,0.0,5.58,0.0,0.0,0.0,0.0
2022-05-13,0.0,2.94,2.54,0.0,0.0,0.0,0.0
2022-05-14,2.13,2.21,0.0,0.0,0.0,0.0,0.0
2022-05-15,2.76,0.0,0.0,0.0,0.0,0.0,0.0
2022-05-16,0.0,0.0,0.0,0.0,0.0,0.0,0.0
2022-05-17,0.0,0.0,0.0,0.0,0.0,0.0,0.0
2022-05-18,0.0,0.0,0.0,0.0,0.0,0.0,0.0
2022-05-19,0.0,0.0,0.0,0.0,0.0,0.0,0.0
2022-05-20,0.0,0.0,0.0,0.0,0.0,0.0,0.0
2022-05-21,0.0,0.0,0.0,0.0,0.0,0.0,0.0
2022-05-22,0.0,0.0,0.0,0.0,0.0,0.0,0.0
2022-05-23,0.0,0.0,0.0,0.0,0.0,0.0,0.0
2022-05-24,0.0,0.0,0.0,0.0,0.0,0.0,6.52
2022-05-25,0.0,0.0,0.0,0.0,0.0,7.44,4.54
2022-05-26,0.0,0.0,0.0,0.0,0.0,0.0,0.0
2022-05-27,0.0,0.0,0.0,0.0,0.0,0.0,0.0
2022-05-28,0.0,0.0,0.0,0.0,0.0,0.0,0.0
2022-05-29,0.0,0.0,0.0,0.0,0.0,0.0,0.0
2022-05-30,0.0,0.0,0.0,0.0,0.0,0.0,0.0
2022-05-31,0.0,0.0,0.0,0.0,0.0,0.0,1.57
2022-06-01,0.0,0.0,0.0,0.0,0.0,0.0,0.0
2022-06-02,0.0,0.0,0.0,0.0,0.0,2.86,0.0
2022-06-03,0.0,0.0,0.0,0.0,0.0,0.0,8.65
2022-06-04,0.0,0.0,0.0,1.75,0.0,3.16,0.0
2022-06-05,0.0,0.0,4.73,7.32,9.99,0.0,0.0
2022-06-06,0.0,5.8,0.0,10.55,0.0,0.0,0.0
2022-06-07,3.56,2.71,10.95,0.0,0.0,0.0,0.0
2022-06-08,5.3,29.09,0.0,0.0,0.0,0.0,0.0
2022-06-09,11.33,0.0,0.0,0.0,0.0,0.0,1.92
2022-06-10,0.0,0.0,0.0,0.0,0.0,0.0,0.0
2022-06-11,0.0,0.0,0.0,0.0,0.0,0.0,10.5
2022-06-12,0.0,0.0,0.0,0.0,0.0,8.02,0.0
2022-06-13,0.0,0.0,0.0,0.0,5.89,0.0,3.72
2022-06-14,0.0,0.0,0.0,8.15,0.0,6.15,1.86
2022-06-15,0.0,0.0,3.47,0.0,6.05,0.0,0.0
2022-06-16,0.0,2.05,3.73,6.39,0.0,0.0,0.0
2022-06-17,1.53,0.0,0.0,0.0,0.0,0.0,0.0
2022-06-18,0.0,16.48,0.0,0.0,0.0,0.0,0.0
2022-06-19,9.41,0.0,0.0,0.0,0.0,0.0,0.0
2022-06-20,0.0,0.0,0.0,0.0,0.0,0.0,0.0
2022-06-21,0.0,0.0,0.0,0.0,0.0,0.0,0.0
2022-06-22,0.0,0.0,0.0,0.0,0.0,0.0,0.0
2022-06-23,0.0,0.0,0.0,0.0,0.0,0.0,0.0
2022-06-24,0.0,0.0,0.0,0.0,0.0,0.0,0.0
2022-06-25,0.0,0.0,0.0,0.0,0.0,0.0,0.0
2022-06-26,0.0,0.0,0.0,0.0,0.0,0.0,0.0
2022-06-27,0.0,0.0,0.0,0.0,0.0,0.0,0.0
2022-06-28,0.0,0.0,0.0,0.0,0.0,0.0,0.0
2022-06-29,0.0,0.0,0.0,0.0,0.0,0.0,0.0
2022-06-30,0.0,0.0,0.0,0.0,0.0,0.0,0.0
2022-07-01,0.0,0.0,0.0,0.0,0.0,0.0,0.0
2022-07-02,0.0,0.0,0.0,0.0,0.0,0.0,0.0
2022-07-03,0.0,0.0,0.0,0.0,0.0,0.0,0.0
2022-07-04,0.0,0.0,0.0,0.0,0.0,0.0,0.0
2022-07-05,0.0,0.0,0.0,0.0,0.0,0.0,0.0
2022-07-06,0.0,0.0,0.0,0.0,0.0,0.0,0.0
2022-07-07,0.0,0.0,0.0,0.0,0.0,0.0,0.0
2022-07-08,0.0,0.0,0.0,0.0,0.0,0.0,0.0
2022-07-09,0.0,0.0,0.0,0.0,0.0,0.0,0.0
2022-07-10,0.0,0.0,0.0,0.0,0.0,0.0,0.0
2022-07-11,0.0,0.0,0.0,0.0,0.0,0.0,0.0
2022-07-12,0.0,0.0,0.0,0.0,0.0,0.0,0.0
2022-07-13,0.0,0.0,0.0,0.0,0.0,0.0,0.0
2022-07-14,0.0,0.0,0.0,0.0,0.0,0.0,0.0
2022-07-15,0.0,0.0,0.0,0.0,0.0,0.0,0.0
2022-07-16,0.0,0.0,0.0,0.0,0.0,0.0,0.0
2022-07-17,0.0,0.0,0.0,0.0,0.0,0.0,0.0
2022-07-18,0.0,0.0,0.0,0.0,0.0,0.0,0.0
2022-07-19,0.0,0.0,0.0,0.0,0.0,0.0,0.0
2022-07-20,0.0,0.0,0.0,0.0,0.0,0.0,0.0
2022-07-21,0.0,0.0,0.0,0.0,0.0,0.0,0.0
2022-07-22,0.0,0.0,0.0,0.0,0.0,0.0,2.34
2022-07-23,0.0,0.0,0.0,0.0,0.0,4.47,1.28
2022-07-24,0.0,0.0,0.0,0.0,3.82,0.0,0.0
2022-07-25,0.0,0.0,0.0,4.74,0.0,0.0,0.0
2022-07-26,0.0,0.0,2.57,0.0,0.0,0.0,0.0
2022-07-27,0.0,3.49,0.0,0.0,0.0,0.0,0.0
2022-07-28,3.96,0.0,0.0,0.0,0.0,0.0,0.0
2022-07-29,0.0,0.0,0.0,0.0,0.0,0.0,0.0
2022-07-30,0.0,0.0,0.0,0.0,0.0,0.0,0.0
2022-07-31,0.0,0.0,0.0,0.0,0.0,0.0,0.0
2022-08-01,0.0,0.0,0.0,0.0,0.0,0.0,0.0
2022-08-02,0.0,0.0,0.0,0.0,0.0,2.0,3.6
2022-08-03,0.0,0.0,0.0,0.0,0.0,3.39,2.53
2022-08-04,0.0,0.0,0.0,1.1,6.03,2.89,0.0
2022-08-05,0.0,0.0,3.22,1.74,6.58,0.0,0.0
2022-08-06,0.0,3.06,1.16,2.61,0.0,0.0,0.0
2022-08-07,7.66,2.95,11.19,0.0,0.0,0.0,0.0
2022-08-08,2.33,7.52,0.0,0.0,0.0,0.0,0.0
2022-08-09,5.21,0.0,0.0,0.0,0.0,0.0,0.0
2022-08-10,0.0,0.0,0.0,0.0,0.0,0.0,0.0
2022-08-11,0.0,0.0,0.0,0.0,0.0,1.88,0.0
2022-08-12,0.0,0.0,0.0,0.0,0.0,0.0,0.0
2022-08-13,0.0,0.0,0.0,0.0,2.47,1.21,0.0
2022-08-14,0.0,0.0,0.0,0.0,3.18,1.12,0.0
2022-08-15,0.0,0.0,0.0,5.63,7.89,0.0,0.0
2022-08-16,,,,,,,
2022-08-17,0.0,1.5,3.91,0.0,0.0,0.0,0.0
2022-08-18,,,,,,,
2022-08-19,0.0,0.0,0.0,0.0,0.0,0.0,0.0
2022-08-20,0.0,0.0,0.0,0.0,0.0,0.0,0.0
2022-08-21,0.0,0.0,0.0,0.0,0.0,0.0,0.0
2022-08-22,0.0,0.0,0.0,0.0,0.0,0.0,0.0
2022-08-23,,,,,,,
2022-08-24,0.0,0.0,0.0,0.0,0.0,0.0,0.0
2022-08-25,,,,,,,
2022-08-26,0.0,0.0,0.0,0.0,0.0,0.0,0.0
2022-08-27,0.0,0.0,0.0,0.0,0.0,0.0,3.5
2022-08-28,0.0,0.0,0.0,0.0,0.0,0.0,0.0
2022-08-29,0.0,0.0,0.0,0.0,0.0,0.0,0.0
2022-08-30,0.0,0.0,0.0,0.0,0.0,0.0,0.0
2022-08-31,,,,,,,
2022-09-01,0.0,0.0,4.16,4.52,8.0,4.48,0.0
2022-09-02,,,,,,,
2022-09-03,12.48,1.79,0.0,6.06,0.0,0.0,0.0
2022-09-04,,,,,,,
2022-09-05,0.0,1.0,0.0,0.0,0.0,0.0,0.0
2022-09-06,,,,,,,
2022-09-07,0.0,0.0,0.0,0.0,0.0,0.0,0.0
2022-09-08,,,,,,,
2022-09-09,0.0,0.0,0.0,0.0,4.98,16.8,0.0
2022-09-10,,,,,,,
2022-09-11,6.21,0.0,11.05,9.55,6.84,0.0,0.0
2022-09-12,,,,,,,
2022-09-13,1.84,4.1,0.0,0.0,0.0,0.0,3.88
2022-09-14,,,,,,,
2022-09-15,1.23,0.0,0.0,0.0,0.0,0.0,42.02
2022-09-16,,,,,,,
2022-09-17,0.0,0.0,9.98,16.39,26.28,0.0,0.0
2022-09-18,,,,,,,
2022-09-19,8.57,30.55,14.57,0.0,0.0,2.18,24.93
2022-09-20,,,,,,,
2022-09-21,19.13,0.0,0.0,0.0,12.83,16.24,16.78
2022-09-22,,,,,,,
2022-09-23,0.0,0.0,15.16,13.77,9.01,25.1,13.43
2022-09-24,,,,,,,
2022-09-25,19.25,36.38,32.26,4.14,1.75,0.0,0.0
2022-09-26,,,,,,,
2022-09-27,15.46,2.72,10.96,4.43,0.0,5.95,0.0
2022-09-28,,,,,,,
2022-09-29,11.39,20.33,0.0,10.27,0.0,0.0,3.95
2022-09-30,,,,,,,
2022-10-01,0.0,21.68,0.0,0.0,2.58,10.05,0.0
2022-10-02,,,,,,,
2022-10-03,8.88,0.0,8.32,2.29,0.0,9.45,12.71
2022-10-04,,,,,,,
2022-10-05,8.37,3.62,0.0,8.32,18.87,2.71,6.93
2022-10-06,,,,,,,
2022-10-07,0.0,18.58,14.15,0.0,0.0,8.65,0.0
2022-10-08,,,,,,,
2022-10-09,13.99,0.0,0.0,0.0,0.0,0.0,10.69
2022-10-10,,,,,,,
2022-10-11,0.0,0.0,0.0,0.0,3.22,7.2,11.85
2022-10-12,,,,,,,
2022-10-13,0.0,0.0,0.0,0.0,12.54,2.33,3.88
2022-10-14,,,,,,,
2022-10-15,6.16,0.0,12.82,9.06,2.07,7.96,0.0
2022-10-16,,,,,,,
2022-10-17,8.12,3.53,11.72,3.1,0.0,0.0,0.0
2022-10-18,,,,,,,
2022-10-19,3.57,3.97,3.79,0.0,0.0,0.0,0.0
2022-10-20,,,,,,,
2022-10-21,2.36,0.0,0.0,0.0,0.0,0.0,15.2
2022-10-22,,,,,,,
2022-10-23,0.0,0.0,0.0,0.0,19.88,11.02,5.76
2022-10-24,,,,,,,
2022-10-25,0.0,0.0,5.68,9.56,5.62,12.85,2.88
2022-10-26,,,,,,,
2022-10-27,14.81,3.25,8.26,15.64,4.03,2.77,0.0
2022-10-28,,,,,,,
2022-10-29,7.84,9.57,4.84,4.57,0.0,0.0,0.0
2022-10-30,,,,,,,
2022-10-31,4.09,6.88,2.08,0.0,0.0,0.0,0.0
2022-11-01,,,,,,,
2022-11-02,0.0,0.0,0.0,0.0,1.09,0.0,0.0
2022-11-03,,,,,,,
2022-11-04,0.0,0.0,1.27,0.0,8.53,0.0,3.41
2022-11-05,,,,,,,
2022-11-06,0.0,0.0,5.29,1.69,6.74,17.8,18.42
2022-11-07,,,,,,,
2022-11-08,0.0,1.21,16.51,12.27,11.65,19.52,9.71
2022-11-09,,,,,,,
2022-11-10,8.05,14.65,12.64,5.14,0.0,0.0,0.0
2022-11-11,,,,,,,
2022-11-12,0.0,12.41,1.52,0.0,0.0,0.0,0.0
2022-11-13,,,,,,,
2022-11-14,0.0,0.0,0.0,0.0,0.0,0.0,0.0
2022-11-15,,,,,,,
2022-11-16,0.0,0.0,0.0,0.0,0.0,0.0,14.2
2022-11-17,,,,,,,
2022-11-18,0.0,7.98,0.0,1.89,23.37,19.98,18.82
2022-11-19,,,,,,,
2022-11-20,0.0,0.0,12.54,13.6,0.0,10.3,19.27
2022-11-21,,,,,,,
2022-11-22,15.89,10.7,3.3,8.06,7.75,8.68,16.93
2022-11-23,,,,,,,
2022-11-24,4.5,3.04,2.47,4.61,7.3,16.02,10.04
2022-11-25,,,,,,,
2022-11-26,1.79,14.22,12.05,10.95,6.27,7.66,11.95
2022-11-27,,,,,,,
2022-11-28,9.89,12.53,16.86,11.11,1.44,3.68,0.0
2022-11-29,,,,,,,
2022-11-30,5.81,7.08,13.83,14.74,16.28,31.91,11.14
2022-12-01,,,,,,,
2022-12-02,8.36,17.37,4.94,37.56,5.78,0.0,0.0
2022-12-03,,,,,,,
2022-12-04,11.42,26.41,5.6,0.0,0.0,0.0,0.0
2022-12-05,,,,,,,
2022-12-06,3.9,0.0,0.0,0.0,0.0,6.55,35.54
2022-12-07,,,,,,,
2022-12-08,0.0,0.0,0.0,11.55,25.72,0.0,7.46
2022-12-09,,,,,,,
2022-12-10,0.0,10.73,16.67,0.0,0.0,0.0,0.0
2022-12-11,,,,,,,
2022-12-12,28.83,0.0,0.0,0.0,0.0,0.0,11.23
2022-12-13,,,,,,,
2022-12-14,0.0,2.25,0.0,0.0,10.97,16.11,1.09
2022-12-15,,,,,,,
2022-12-16,0.0,0.0,6.7,31.24,0.0,0.0,0.0
2022-12-17,,,,,,,
2022-12-18,21.41,25.77,0.0,1.76,0.0,1.16,0.0
2022-12-19,,,,,,,
2022-12-20,2.65,1.08,0.0,0.0,1.38,8.86,13.4
2022-12-21,,,,,,,
2022-12-22,1.44,6.47,9.36,21.16,11.37,16.28,24.86
2022-12-23,,,,,,,
2022-12-24,5.66,20.44,8.32,8.4,46.66,58.84,27.02
2022-12-25,,,,,,,
2022-12-26,20.92,16.93,33.9,27.61,9.23,0.0,0.0
2022-12-27,,,,,,,
2022-12-28,33.43,0.0,3.31,1.78,0.0,10.76,4.16
2022-12-29,,,,,,,
2022-12-30,11.29,7.21,0.0,11.22,13.57,52.88,30.83
2022-12-31,,,,,,,
2023-01-01,1.67,14.8,15.35,36.82,42.83,11.1,36.56
2023-01-02,,,,,,,
2023-01-03,23.53,25.02,6.18,0.0,0.0,15.08,20.27
2023-01-04,,,,,,,
2023-01-05,0.0,6.3,1.28,16.55,7.55,8.32,6.87
2023-01-06,,,,,,,
2023-01-07,0.0,17.25,14.47,8.14,8.35,12.01,7.27
2023-01-08,,,,,,,
2023-01-09,7.01,9.39,4.6,12.07,7.08,5.66,22.14
2023-01-10,,,,,,,
2023-01-11,8.1,5.58,5.7,4.68,2.45,0.0,0.0
2023-01-12,,,,,,,
2023-01-13,2.88,10.38,17.1,0.0,15.26,16.62,20.81
2023-01-14,,,,,,,
2023-01-15,10.03,2.39,5.71,11.33,15.73,5.68,1.75
2023-01-16,,,,,,,
2023-01-17,4.18,2.64,13.25,2.2,0.0,4.02,13.92
2023-01-18,,,,,,,
2023-01-19,18.83,2.8,0.0,3.35,22.43,8.0,5.75
2023-01-20,,,,,,,
2023-01-21,0.0,12.65,3.66,1.05,0.0,0.0,12.02
2023-01-22,,,,,,,
2023-01-23,9.7,0.0,0.0,0.0,8.11,25.88,42.87
2023-01-24,,,,,,,
2023-01-25,0.0,0.0,5.49,22.31,22.12,25.53,7.87
2023-01-26,,,,,,,
2023-01-27,19.44,8.44,10.44,12.0,9.89,22.23,11.1
2023-01-28,,,,,,,
2023-01-29,11.56,8.65,9.97,13.83,13.38,7.32,6.74
2023-01-30,,,,,,,
2023-01-31,12.76,10.62,5.98,6.87,12.0,20.16,0.0
2023-02-01,,,,,,,
2023-02-02,2.46,9.07,13.22,13.83,5.65,4.24,0.0
2023-02-03,,,,,,,
2023-02-04,10.18,18.01,22.33,15.34,1.08,4.32,12.31
2023-02-05,,,,,,,
2023-02-06,21.19,8.45,1.69,6.36,18.2,2.68,2.2
2023-02-07,,,,,,,
2023-02-08,1.1,11.85,17.98,15.34,7.49,7.85,5.26
2023-02-09,,,,,,,
2023-02-10,12.49,17.7,10.8,10.38,3.83,9.05,20.78
2023-02-11,,,,,,,
2023-02-12,3.72,4.67,5.78,3.92,7.26,21.68,0.0
2023-02-13,,,,,,,
2023-02-14,0.0,11.45,4.75,4.07,0.0,3.4,14.86
2023-02-15,,,,,,,
2023-02-16,4.32,15.93,7.47,6.74,13.28,8.73,15.61
2023-02-17,,,,,,,
2023-02-18,45.87,7.78,17.91,15.0,10.54,10.58,10.51
2023-02-19,,,,,,,
2023-02-20,4.43,16.94,6.55,12.57,8.61,14.52,8.16
2023-02-21,,,,,,,
2023-02-22,6.74,14.67,7.04,4.53,11.46,18.6,17.11
2023-02-23,,,,,,,
2023-02-24,2.83,13.18,4.83,7.48,0.0,8.24,10.36
2023-02-25,,,,,,,
2023-02-26,2.27,6.18,4.19,5.98,11.02,10.92,7.04
2023-02-27,,,,,,,
2023-02-28,2.02,0.0,11.57,6.12,9.11,9.72,21.86
2023-03-01,,,,,,,
2023-03-02,9.03,8.33,5.48,9.51,11.25,10.14,19.41
2023-03-03,,,,,,,
2023-03-04,5.93,13.27,7.08,7.34,14.32,7.25,3.38
2023-03-05,,,,,,,
2023-03-06,3.65,5.49,8.19,14.43,10.49,2.95,0.0
2023-03-07,,,,,,,
2023-03-08,6.6,11.75,15.44,13.08,9.19,0.0,0.0
2023-03-09,,,,,,,
2023-03-10,5.44,23.1,6.53,0.0,0.0,0.0,0.0
2023-03-11,,,,,,,
2023-03-12,13.15,2.27,0.0,0.0,0.0,0.0,2.51
2023-03-13,,,,,,,
2023-03-14,0.0,0.0,0.0,0.0,1.08,0.0,0.0
2023-03-15,,,,,,,
2023-03-16,0.0,0.0,0.0,1.06,3.83,3.42,4.25
2023-03-17,,,,,,,
2023-03-18,0.0,8.9,2.22,1.34,2.32,0.0,8.32
2023-03-19,,,,,,,
2023-03-20,0.0,0.0,0.0,0.0,2.4,0.0,1.58
2023-03-21,,,,,,,
2023-03-22,0.0,0.0,0.0,0.0,7.35,2.5,10.81
2023-03-23,,,,,,,
2023-03-24,0.0,0.0,2.25,5.26,0.0,8.15,0.0
2023-03-25,,,,,,,
2023-03-26,3.01,6.1,4.32,1.84,9.4,0.0,0.0
2023-03-27,,,,,,,
2023-03-28,8.4,5.53,2.57,0.0,0.0,0.0,0.0
2023-03-29,,,,,,,
2023-03-30,7.87,0.0,0.0,0.0,0.0,3.98,7.35
2023-03-31,,,,,,,
2023-04-01,1.25,0.0,0.0,0.0,1.97,10.17,5.54
2023-04-02,,,,,,,
2023-04-03,0.0,0.0,2.25,10.99,15.32,5.74,10.27
2023-04-04,,,,,,,
2023-04-05,7.34,21.72,18.74,1.3,0.0,0.0,1.21
2023-04-06,,,,,,,
2023-04-07,2.13,10.57,0.0,0.0,1.45,0.0,0.0
2023-04-08,,,,,,,
2023-04-09,0.0,0.0,0.0,0.0,10.65,12.14,0.0
2023-04-10,,,,,,,
2023-04-11,0.0,3.43,2.56,17.7,0.0,0.0,27.77
2023-04-12,,,,,,,
2023-04-13,19.47,2.54,0.0,0.0,22.33,22.25,49.28
2023-04-14,,,,,,,
2023-04-15,0.0,0.0,9.73,37.64,0.0,0.0,0.0
2023-04-16,,,,,,,
2023-04-17,14.17,17.02,0.0,0.0,0.0,0.0,0.0
2023-04-18,,,,,,,
2023-04-19,0.0,0.0,0.0,0.0,0.0,0.0,0.0
2023-04-20,,,,,,,
2023-04-21,0.0,0.0,0.0,0.0,0.0,8.23,0.0
2023-04-22,,,,,,,
2023-04-23,0.0,0.0,0.0,2.96,1.87,0.0,0.0
2023-04-24,,,,,,,
2023-04-25,6.67,4.35,0.0,0.0,0.0,0.0,0.0
2023-04-26,,,,,,,
2023-04-27,1.77,0.0,0.0,0.0,0.0,0.0,0.0
2023-04-28,,,,,,,
2023-04-29,0.0,0.0,0.0,0.0,0.0,0.0,0.0
2023-04-30,,,,,,,
2023-05-01,0.0,0.0,0.0,0.0,0.0,0.0,0.0
2023-05-02,,,,,,,
2023-05-03,0.0,0.0,0.0,0.0,0.0,1.19,0.0
2023-05-04,,,,,,,
2023-05-05,0.0,0.0,0.0,0.0,10.13,0.0,0.0
2023-05-06,,,,,,,
2023-05-07,0.0,0.0,5.49,0.0,0.0,0.0,0.0
2023-05-08,,,,,,,
2023-05-09,3.5,0.0,0.0,0.0,0.0,0.0,0.0
2023-05-10,,,,,,,
2023-05-11,0.0,0.0,0.0,0.0,0.0,0.0,0.0
2023-05-12,,,,,,,
2023-05-13,0.0,0.0,0.0,0.0,0.0,0.0,0.0
2023-05-14,,,,,,,
2023-05-15,0.0,0.0,0.0,0.0,0.0,0.0,0.0
2023-05-16,,,,,,,
2023-05-17,0.0,0.0,0.0,0.0,0.0,0.0,0.0
2023-05-18,,,,,,,
2023-05-19,0.0,0.0,0.0,0.0,0.0,0.0,0.0
2023-05-20,,,,,,,
2023-05-21,0.0,0.0,0.0,0.0,0.0,0.0,2.65
2023-05-22,,,,,,,
2023-05-23,0.0,0.0,0.0,0.0,0.0,0.0,3.96
2023-05-24,,,,,,,
2023-05-25,0.0,0.0,0.0,0.0,2.23,33.43,1.27
2023-05-26,,,,,,,
2023-05-27,1.48,0.0,0.0,15.58,6.43,0.0,0.0
2023-05-28,,,,,,,
2023-05-29,0.0,18.77,0.0,0.0,0.0,0.0,0.0
2023-05-30,,,,,,,
2023-05-31,0.0,0.0,0.0,0.0,0.0,0.0,0.0
2023-06-01,,,,,,,
2023-06-02,0.0,0.0,0.0,0.0,0.0,0.0,0.0
2023-06-03,,,,,,,
2023-06-04,0.0,0.0,0.0,0.0,0.0,0.0,0.0
2023-06-05,,,,,,,
2023-06-06,0.0,0.0,0.0,0.0,0.0,0.0,0.0
2023-06-07,,,,,,,
2023-06-08,0.0,0.0,0.0,0.0,17.78,70.4,22.95
2023-06-09,,,,,,,
2023-06-10,0.0,0.0,4.29,45.04,30.36,1.22,0.0
2023-06-11,,,,,,,
2023-06-12,0.0,13.72,19.77,0.0,0.0,1.07,0.0
2023-06-13,,,,,,,
2023-06-14,9.06,0.0,0.0,0.0,0.0,0.0,0.0
2023-06-15,,,,,,,
2023-06-16,0.0,0.0,0.0,0.0,0.0,0.0,2.13
2023-06-17,,,,,,,
2023-06-18,0.0,0.0,0.0,0.0,0.0,0.0,0.0
2023-06-19,,,,,,,
2023-06-20,0.0,0.0,0.0,0.0,0.0,0.0,0.0
2023-06-21,,,,,,,
2023-06-22,0.0,0.0,0.0,0.0,0.0,0.0,0.0
2023-06-23,,,,,,,
2023-06-24,0.0,0.0,0.0,0.0,0.0,0.0,0.0
2023-06-25,,,,,,,
2023-06-26,0.0,0.0,0.0,0.0,0.0,0.0,0.0
2023-06-27,,,,,,,
2023-06-28,0.0,0.0,0.0,0.0,0.0,0.0,0.0
2023-06-29,,,,,,,
2023-06-30,0.0,0.0,0.0,0.0,0.0,0.0,0.0
2023-07-01,,,,,,,
2023-07-02,0.0,0.0,0.0,0.0,0.0,0.0,0.0
2023-07-03,,,,,,,
2023-07-04,0.0,0.0,0.0,0.0,0.0,0.0,0.0
2023-07-05,,,,,,,
2023-07-06,0.0,0.0,1.4,0.0,0.0,0.0,0.0
2023-07-07,,,,,,,
2023-07-08,6.2,0.0,0.0,0.0,0.0,0.0,0.0
2023-07-09,,,,,,,
2023-07-10,0.0,0.0,0.0,0.0,0.0,0.0,0.0
2023-07-11,,,,,,,
2023-07-12,0.0,2.94,0.0,0.0,0.0,0.0,0.0
2023-07-13,,,,,,,
2023-07-14,0.0,0.0,0.0,0.0,14.56,0.0,0.0
2023-07-15,,,,,,,
2023-07-16,0.0,0.0,0.0,0.0,0.0,0.0,0.0
2023-07-17,,,,,,,
2023-07-18,0.0,0.0,0.0,0.0,0.0,0.0,0.0
2023-07-19,,,,,,,
2023-07-20,0.0,0.0,0.0,0.0,0.0,0.0,0.0
2023-07-21,,,,,,,
2023-07-22,0.0,0.0,0.0,0.0,0.0,0.0,0.0
2023-07-23,,,,,,,
2023-07-24,0.0,0.0,0.0,0.0,0.0,0.0,0.0
2023-07-25,,,,,,,
2023-07-26,0.0,0.0,0.0,0.0,0.0,0.0,0.0
2023-07-27,,,,,,,
2023-07-28,0.0,0.0,0.0,0.0,0.0,0.0,0.0
2023-07-29,,,,,,,
2023-07-30,0.0,0.0,0.0,0.0,0.0,0.0,0.0
2023-07-31,,,,,,,
2023-08-01,0.0,0.0,0.0,0.0,0.0,0.0,0.0
2023-08-02,,,,,,,
2023-08-03,0.0,0.0,0.0,0.0,0.0,0.0,0.0
2023-08-04,,,,,,,
2023-08-05,0.0,0.0,1.34,0.0,0.0,0.0,0.0
2023-08-06,,,,,,,
2023-08-07,0.0,0.0,0.0,0.0,0.0,0.0,0.0
2023-08-08,,,,,,,
2023-08-09,0.0,0.0,0.0,0.0,0.0,0.0,0.0
2023-08-10,,,,,,,
2023-08-11,0.0,0.0,0.0,0.0,0.0,0.0,0.0
2023-08-12,,,,,,,
2023-08-13,0.0,0.0,0.0,0.0,0.0,0.0,24.3
2023-08-14,,,,,,,
2023-08-15,0.0,0.0,0.0,0.0,4.71,9.84,0.0
2023-08-16,,,,,,,
2023-08-17,0.0,0.0,0.0,0.0,0.0,0.0,0.0
2023-08-18,,,,,,,
2023-08-19,0.0,0.0,0.0,0.0,0.0,17.66,18.47
2023-08-20,,,,,,,
2023-08-21,0.0,0.0,0.0,4.75,18.7,7.38,0.0
2023-08-22,,,,,,,
2023-08-23,0.0,0.0,12.57,1.78,0.0,4.51,6.63
2023-08-24,,,,,,,
2023-08-25,0.0,0.0,0.0,0.0,0.0,0.0,0.0
2023-08-26,,,,,,,
2023-08-27,0.0,0.0,0.0,0.0,0.0,1.4,0.0
2023-08-28,,,,,,,
2023-08-29,0.0,0.0,0.0,0.0,0.0,0.0,0.0
2023-08-30,,,,,,,
2023-08-31,0.0,0.0,1.64,6.02,2.65,5.86,2.32
2023-09-01,,,,,,,
2023-09-02,3.22,0.0,18.11,0.0,0.0,0.0,0.0
2023-09-03,,,,,,,
2023-09-04,2.35,0.0,0.0,4.97,1.8,0.0,0.0
2023-09-05,,,,,,,
2023-09-06,0.0,0.0,0.0,0.0,0.0,0.0,0.0
2023-09-07,,,,,,,
2023-09-08,0.0,0.0,0.0,0.0,0.0,0.0,0.0
2023-09-09,,,,,,,
2023-09-10,0.0,0.0,0.0,3.15,0.0,0.0,0.0
2023-09-11,,,,,,,
2023-09-12,0.0,18.56,0.0,7.14,0.0,0.0,0.0
2023-09-13,,,,,,,
2023-09-14,0.0,0.0,0.0,0.0,0.0,0.0,0.0
2023-09-15,,,,,,,
2023-09-16,0.0,0.0,0.0,0.0,0.0,0.0,0.0
2023-09-17,,,,,,,
2023-09-18,0.0,0.0,0.0,0.0,0.0,0.0,0.0
2023-09-19,,,,,,,
2023-09-20,0.0,0.0,0.0,0.0,0.0,0.0,0.0
2023-09-21,,,,,,,
2023-09-22,0.0,0.0,0.0,0.0,0.0,0.0,1.62
2023-09-23,,,,,,,
2023-09-24,0.0,0.0,0.0,0.0,0.0,6.33,3.44
2023-09-25,,,,,,,
2023-09-26,17.62,0.0,0.0,9.23,25.56,0.0,0.0
2023-09-27,,,,,,,
2023-09-28,0.0,1.0,34.32,0.0,4.38,0.0,41.54
2023-09-29,,,,,,,
2023-09-30,59.99,0.0,0.0,0.0,29.35,4.1,4.2
2023-10-01,,,,,,,
2023-10-02,0.0,0.0,21.59,1.9,1.12,22.11,29.22
2023-10-03,,,,,,,
2023-10-04,8.9,1.1,4.47,3.27,12.67,0.0,3.5
2023-10-05,,,,,,,
2023-10-06,1.39,16.5,54.42,0.0,0.0,1.61,0.0
2023-10-07,,,,,,,
2023-10-08,42.55,0.0,0.0,1.47,2.49,0.0,0.0
2023-10-09,,,,,,,
2023-10-10,0.0,1.76,2.66,0.0,0.0,4.23,7.05
2023-10-11,,,,,,,
2023-10-12,6.37,0.0,0.0,2.33,0.0,0.0,0.0
2023-10-13,,,,,,,
2023-10-14,0.0,0.0,5.69,1.96,0.0,0.0,0.0
2023-10-15,,,,,,,
2023-10-16,5.73,0.0,0.0,0.0,0.0,0.0,0.0
2023-10-17,,,,,,,
2023-10-18,0.0,0.0,0.0,0.0,0.0,5.97,3.74
2023-10-19,,,,,,,
2023-10-20,0.0,0.0,0.0,2.31,6.31,1.67,9.44
2023-10-21,,,,,,,
2023-10-22,0.0,0.0,13.27,24.13,7.7,4.07,2.85
2023-10-23,,,,,,,
2023-10-24,16.58,9.19,7.84,6.71,2.74,9.67,3.44
2023-10-25,,,,,,,
2023-10-26,4.89,10.92,4.71,4.33,19.99,0.0,1.76
2023-10-27,,,,,,,
2023-10-28,8.7,4.64,20.23,12.8,6.5,1.72,1.08
2023-10-29,,,,,,,
2023-10-30,18.69,3.64,12.65,4.93,2.34,0.0,0.0
2023-10-31,,,,,,,
2023-11-01,0.0,8.93,1.71,0.0,0.0,0.0,0.0
2023-11-02,,,,,,,
2023-11-03,6.63,0.0,0.0,0.0,0.0,0.0,0.0
2023-11-04,,,,,,,
2023-11-05,0.0,0.0,0.0,0.0,0.0,0.0,0.0
2023-11-06,,,,,,,
2023-11-07,0.0,0.0,0.0,0.0,0.0,0.0,0.0
2023-11-08,,,,,,,
2023-11-09,2.85,0.0,0.0,0.0,0.0,0.0,0.0
2023-11-10,,,,,,,
2023-11-11,0.0,0.0,0.0,0.0,0.0,0.0,0.0
2023-11-12,,,,,,,
2023-11-13,0.0,0.0,0.0,0.0,17.27,26.97,26.34
2023-11-14,,,,,,,
2023-11-15,1.1,0.0,14.08,28.02,0.0,0.0,0.0
2023-11-16,,,,,,,
2023-11-17,0.0,17.32,0.0,0.0,1.62,14.18,12.2
2023-11-18,,,,,,,
2023-11-19,1.67,0.0,8.95,26.66,1.08,0.0,3.94
2023-11-20,,,,,,,
2023-11-21,4.58,22.83,9.55,13.66,6.36,13.21,22.47
2023-11-22,,,,,,,
2023-11-23,3.89,2.8,7.03,8.12,26.03,7.25,11.38
2023-11-24,,,,,,,
2023-11-25,3.51,1.38,10.78,16.73,13.93,3.45,2.71
2023-11-26,,,,,,,
2023-11-27,9.6,25.59,1.85,0.0,0.0,0.0,12.08
2023-11-28,,,,,,,
2023-11-29,2.01,0.0,0.0,0.0,5.01,11.36,13.32
2023-11-30,,,,,,,
2023-12-01,0.0,0.0,0.0,16.22,9.83,10.57,2.33
2023-12-02,,,,,,,
2023-12-03,1.24,11.02,4.85,6.54,17.03,0.0,0.0
2023-12-04,,,,,,,
2023-12-05,1.61,11.71,12.66,0.0,0.0,20.02,0.0
2023-12-06,,,,,,,
2023-12-07,8.77,0.0,2.13,27.24,0.0,0.0,2.8
2023-12-08,,,,,,,
2023-12-09,1.42,36.17,0.0,0.0,0.0,1.29,0.0
2023-12-10,,,,,,,
2023-12-11,0.0,0.0,0.0,0.0,0.0,0.0,0.0
2023-12-12,,,,,,,
2023-12-13,0.0,0.0,0.0,0.0,0.0,0.0,0.0
2023-12-14,,,,,,,
2023-12-15,0.0,1.08,0.0,0.0,0.0,0.0,10.48
2023-12-16,,,,,,,
2023-12-17,0.0,0.0,0.0,0.0,11.85,9.75,3.8
2023-12-18,,,,,,,
2023-12-19,0.0,0.0,0.0,9.95,0.0,1.87,9.27
2023-12-20,,,,,,,
2023-12-21,6.94,9.37,1.98,3.44,16.41,0.0,0.0
2023-12-22,,,,,,,
2023-12-23,1.08,0.0,14.07,0.0,0.0,0.0,18.0
2023-12-24,,,,,,,
2023-12-25,2.97,0.0,0.0,1.39,23.15,0.0,44.22
2023-12-26,,,,,,,
2023-12-27,0.0,0.0,5.99,9.86,0.0,0.0,0.0
2023-12-28,,,,,,,
2023-12-29,0.0,0.0,0.0,0.0,0.0,0.0,1.85
2023-12-30,,,,,,,
2023-12-31,0.0,0.0,10.65,12.88,1.51,0.0,0.0
2024-01-01,,,,,,,
2024-01-02,19.13,1.79,0.0,0.0,0.0,3.33,10.04
2024-01-03,,,,,,,
2024-01-04,1.41,0.0,0.0,2.1,5.23,0.0,16.55
2024-01-05,,,,,,,
2024-01-06,0.0,0.0,0.0,0.0,12.15,11.11,24.89
2024-01-07,,,,,,,
2024-01-08,2.7,0.0,10.38,19.0,19.85,2.1,4.71
2024-01-09,,,,,,,
2024-01-10,10.03,18.04,27.3,10.99,13.55,1.61,0.0
2024-01-11,,,,,,,
2024-01-12,23.12,3.36,8.01,0.0,0.0,2.68,19.15
2024-01-13,,,,,,,
2024-01-14,3.15,0.0,1.58,6.04,17.62,16.74,8.5
2024-01-15,,,,,,,
2024-01-16,0.0,0.0,5.04,15.5,5.19,0.0,22.82
2024-01-17,,,,,,,
2024-01-18,9.25,23.98,10.89,0.0,4.32,8.64,4.4
2024-01-19,,,,,,,
2024-01-20,14.79,0.0,17.33,9.5,0.0,6.33,0.0
2024-01-21,,,,,,,
2024-01-22,22.91,6.3,6.03,0.0,15.72,23.02,0.0
2024-01-23,,,,,,,
2024-01-24,0.0,0.0,0.0,14.74,1.88,0.0,0.0
2024-01-25,,,,,,,
2024-01-26,0.0,10.61,0.0,0.0,0.0,14.41,7.21
2024-01-27,,,,,,,
2024-01-28,1.02,0.0,1.05,17.27,2.71,5.66,15.57
2024-01-29,,,,,,,
2024-01-30,5.27,18.73,15.33,9.1,18.85,14.15,16.18
2024-01-31,,,,,,,
2024-02-01,10.99,0.0,9.82,9.15,8.74,12.11,0.0
2024-02-02,,,,,,,
2024-02-03,6.27,11.14,1.71,0.0,0.0,0.0,0.0
2024-02-04,,,,,,,
2024-02-05,0.0,0.0,0.0,0.0,0.0,0.0,1.01
2024-02-06,,,,,,,
2024-02-07,0.0,0.0,0.0,0.0,1.15,8.04,9.81
2024-02-08,,,,,,,
2024-02-09,0.0,0.0,1.0,7.06,20.94,3.93,0.0
2024-02-10,,,,,,,
2024-02-11,1.73,10.35,19.68,18.14,0.0,1.42,10.53
2024-02-12,,,,,,,
2024-02-13,17.79,17.0,0.0,0.0,7.09,15.44,1.51
2024-02-14,,,,,,,
2024-02-15,0.0,7.08,3.57,1.04,19.17,5.4,3.77
2024-02-16,,,,,,,
2024-02-17,10.59,0.0,8.93,14.05,5.2,1.18,10.9
2024-02-18,,,,,,,
2024-02-19,21.87,18.57,2.79,0.0,11.36,2.85,2.69
2024-02-20,,,,,,,
2024-02-21,4.94,3.8,7.96,1.01,0.0,0.0,1.26
2024-02-22,,,,,,,
2024-02-23,9.48,1.33,0.0,0.0,0.0,15.1,5.37
2024-02-24,,,,,,,
2024-02-25,2.67,1.04,1.72,12.93,4.54,1.15,0.0
2024-02-26,,,,,,,
2024-02-27,1.85,9.02,11.15,3.94,0.0,0.0,7.77
2024-02-28,,,,,,,
2024-02-29,6.31,0.0,0.0,0.0,14.55,7.46,4.72
2024-03-01,,,,,,,
2024-03-02,0.0,0.0,9.6,10.55,8.09,13.55,17.51
2024-03-03,,,,,,,
2024-03-04,12.86,9.24,5.4,14.13,13.97,4.73,0.0
2024-03-05,,,,,,,
2024-03-06,1.06,6.53,22.24,3.86,0.0,0.0,0.0
2024-03-07,,,,,,,
2024-03-08,19.89,0.0,0.0,0.0,0.0,0.0,0.0
2024-03-09,,,,,,,
2024-03-10,0.0,0.0,0.0,0.0,0.0,0.0,0.0
2024-03-11,,,,,,,
2024-03-12,0.0,0.0,0.0,0.0,3.98,8.27,8.12
2024-03-13,,,,,,,
2024-03-14,0.0,0.0,0.0,5.04,7.45,1.55,4.98
2024-03-15,,,,,,,
2024-03-16,11.59,13.09,5.89,7.84,14.58,0.0,0.0
2024-03-17,,,,,,,
2024-03-18,7.81,2.76,20.32,0.0,0.0,2.98,11.53
2024-03-19,,,,,,,
2024-03-20,9.28,1.54,0.0,4.46,4.23,0.0,4.36
2024-03-21,,,,,,,
2024-03-22,6.32,15.37,1.74,3.36,4.19,8.88,6.02
2024-03-23,,,,,,,
2024-03-24,0.0,0.0,5.08,10.86,2.63,1.2,0.0
2024-03-25,,,,,,,
2024-03-26,2.56,10.91,3.28,0.0,0.0,0.0,0.0
2024-03-27,,,,,,,
2024-03-28,2.88,0.0,0.0,0.0,0.0,0.0,0.0
2024-03-29,,,,,,,
2024-03-30,0.0,0.0,0.0,0.0,0.0,6.49,7.12
2024-03-31,,,,,,,
2024-04-01,0.0,0.0,0.0,0.0,0.0,0.0,0.0
2024-04-02,,,,,,,
2024-04-03,0.0,0.0,0.0,0.0,0.0,11.47,1.77
2024-04-04,,,,,,,
2024-04-05,0.0,0.0,0.0,7.17,4.0,7.18,13.11
2024-04-06,,,,,,,
2024-04-07,0.0,1.48,0.0,0.0,3.18,13.82,11.58
2024-04-08,,,,,,,
2024-04-09,0.0,0.0,0.0,1.18,5.42,1.15,2.43
2024-04-10,,,,,,,
2024-04-11,0.0,0.0,0.0,0.0,0.0,8.84,0.0
2024-04-12,,,,,,,
2024-04-13,1.2,3.37,0.0,11.41,3.66,0.0,0.0
2024-04-14,,,,,,,
2024-04-15,0.0,11.58,1.16,0.0,0.0,0.0,0.0
2024-04-16,,,,,,,
2024-04-17,0.0,0.0,0.0,0.0,0.0,0.0,0.0
2024-04-18,,,,,,,
2024-04-19,0.0,0.0,0.0,0.0,0.0,0.0,0.0
2024-04-20,,,,,,,
2024-04-21,0.0,0.0,0.0,0.0,0.0,0.0,0.0
2024-04-22,,,,,,,
2024-04-23,0.0,0.0,0.0,0.0,0.0,0.0,0.0
2024-04-24,,,,,,,
2024-04-25,0.0,0.0,0.0,0.0,0.0,0.0,0.0
2024-04-26,,,,,,,
2024-04-27,0.0,0.0,0.0,0.0,0.0,0.0,0.0
2024-04-28,,,,,,,
2024-04-29,0.0,0.0,0.0,0.0,0.0,0.0,0.0
2024-04-30,,,,,,,
2024-05-01,0.0,0.0,0.0,0.0,0.0,0.0,0.0
2024-05-02,,,,,,,
2024-05-03,0.0,0.0,0.0,0.0,0.0,0.0,0.0
2024-05-04,,,,,,,
2024-05-05,0.0,0.0,0.0,0.0,0.0,0.0,0.0
2024-05-06,,,,,,,
2024-05-07,0.0,0.0,0.0,0.0,0.0,0.0,0.0
2024-05-08,,,,,,,
2024-05-09,0.0,0.0,0.0,0.0,0.0,0.0,0.0
2024-05-10,,,,,,,
2024-05-11,0.0,0.0,0.0,0.0,0.0,0.0,0.0
2024-05-12,,,,,,,
2024-05-13,0.0,0.0,0.0,0.0,0.0,0.0,2.74
2024-05-14,,,,,,,
2024-05-15,0.0,0.0,0.0,0.0,0.0,0.0,0.0
2024-05-16,,,,,,,
2024-05-17,0.0,0.0,0.0,0.0,0.0,0.0,0.0
2024-05-18,,,,,,,
2024-05-19,0.0,0.0,0.0,0.0,0.0,0.0,24.61
2024-05-20,,,,,,,
2024-05-21,0.0,0.0,0.0,5.96,61.67,25.85,6.67
2024-05-22,,,,,,,
2024-05-23,0.0,15.43,5.15,21.23,1.24,0.0,0.0
2024-05-24,,,,,,,
2024-05-25,19.07,30.61,3.34,0.0,0.0,0.0,0.0
2024-05-26,,,,,,,
2024-05-27,1.73,0.0,0.0,0.0,0.0,0.0,0.0
2024-05-28,,,,,,,
2024-05-29,0.0,0.0,0.0,0.0,0.0,0.0,0.0
2024-05-30,,,,,,,
2024-05-31,0.0,0.0,0.0,0.0,0.0,0.0,0.0
2024-06-01,,,,,,,
2024-06-02,0.0,0.0,0.0,0.0,0.0,0.0,0.0
2024-06-03,,,,,,,
2024-06-04,0.0,0.0,0.0,0.0,0.0,0.0,0.0
2024-06-05,,,,,,,
2024-06-06,0.0,0.0,0.0,0.0,0.0,0.0,0.0
2024-06-07,,,,,,,
2024-06-08,0.0,0.0,0.0,0.0,0.0,0.0,0.0
2024-06-09,,,,,,,
2024-06-10,0.0,0.0,0.0,0.0,0.0,0.0,0.0
2024-06-11,,,,,,,
2024-06-12,0.0,0.0,0.0,0.0,0.0,0.0,0.0
2024-06-13,,,,,,,
2024-06-14,0.0,0.0,0.0,0.0,0.0,0.0,0.0
2024-06-15,,,,,,,
2024-06-16,0.0,0.0,0.0,0.0,0.0,0.0,0.0
2024-06-17,,,,,,,
2024-06-18,0.0,0.0,0.0,0.0,0.0,0.0,0.0
2024-06-19,,,,,,,
2024-06-20,0.0,0.0,0.0,0.0,0.0,0.0,0.0
2024-06-21,,,,,,,
2024-06-22,0.0,0.0,0.0,0.0,0.0,0.0,0.0
2024-06-23,,,,,,,
2024-06-24,0.0,0.0,0.0,0.0,0.0,0.0,21.34
2024-06-25,,,,,,,
2024-06-26,0.0,0.0,0.0,5.26,28.85,0.0,0.0
2024-06-27,,,,,,,
2024-06-28,0.0,9.55,0.0,0.0,0.0,0.0,0.0
2024-06-29,,,,,,,
2024-06-30,0.0,0.0,0.0,0.0,0.0,0.0,0.0
2024-07-01,,,,,,,
2024-07-02,0.0,0.0,0.0,0.0,0.0,0.0,0.0
2024-07-03,,,,,,,
2024-07-04,0.0,0.0,0.0,0.0,13.11,13.61,0.0
2024-07-05,,,,,,,
2024-07-06,0.0,0.0,3.46,1.92,0.0,0.0,5.7
2024-07-07,,,,,,,
2024-07-08,19.95,21.93,0.0,0.0,0.0,0.0,0.0
2024-07-09,,,,,,,
2024-07-10,0.0,0.0,0.0,0.0,0.0,0.0,0.0
2024-07-11,,,,,,,
2024-07-12,0.0,0.0,0.0,0.0,0.0,0.0,0.0
2024-07-13,,,,,,,
2024-07-14,0.0,0.0,0.0,0.0,0.0,0.0,0.0
2024-07-15,,,,,,,
2024-07-16,0.0,0.0,0.0,0.0,0.0,0.0,0.0
2024-07-17,,,,,,,
2024-07-18,0.0,0.0,0.0,0.0,0.0,0.0,0.0
2024-07-19,,,,,,,
2024-07-20,0.0,0.0,0.0,0.0,0.0,0.0,0.0
2024-07-21,,,,,,,
2024-07-22,0.0,0.0,0.0,0.0,0.0,0.0,0.0
2024-07-23,,,,,,,
2024-07-24,0.0,0.0,0.0,0.0,0.0,0.0,0.0
2024-07-25,,,,,,,
2024-07-26,0.0,0.0,0.0,1.77,0.0,0.0,0.0
2024-07-27,,,,,,,
2024-07-28,0.0,0.0,0.0,0.0,0.0,0.0,0.0
2024-07-29,,,,,,,
2024-07-30,0.0,0.0,0.0,0.0,0.0,0.0,0.0
2024-07-31,,,,,,,
2024-08-01,0.0,0.0,0.0,0.0,0.0,0.0,0.0
2024-08-02,,,,,,,
2024-08-03,0.0,0.0,0.0,0.0,0.0,8.56,8.18
2024-08-04,,,,,,,
2024-08-05,0.0,0.0,0.0,12.42,0.0,0.0,0.0
2024-08-06,,,,,,,
2024-08-07,0.0,6.39,14.07,0.0,0.0,0.0,0.0
2024-08-08,,,,,,,
2024-08-09,24.58,0.0,0.0,0.0,0.0,0.0,0.0
2024-08-10,,,,,,,
2024-08-11,0.0,0.0,0.0,0.0,0.0,0.0,0.0
2024-08-12,,,,,,,
2024-08-13,0.0,0.0,0.0,0.0,0.0,0.0,0.0
2024-08-14,,,,,,,
2024-08-15,0.0,0.0,0.0,0.0,0.0,0.0,0.0
2024-08-16,,,,,,,
2024-08-17,0.0,0.0,0.0,0.0,0.0,0.0,8.02
2024-08-18,,,,,,,
2024-08-19,0.0,0.0,0.0,0.0,0.0,5.12,0.0
2024-08-20,,,,,,,
2024-08-21,0.0,0.0,1.96,12.0,0.0,0.0,0.0
2024-08-22,,,,,,,
2024-08-23,3.92,13.61,0.0,0.0,0.0,0.0,0.0
2024-08-24,,,,,,,
2024-08-25,0.0,0.0,0.0,0.0,0.0,0.0,0.0
2024-08-26,,,,,,,
2024-08-27,0.0,0.0,0.0,0.0,0.0,0.0,0.0
2024-08-28,,,,,,,
2024-08-29,0.0,0.0,0.0,0.0,0.0,0.0,0.0
2024-08-30,,,,,,,
2024-08-31,0.0,0.0,0.0,0.0,0.0,0.0,0.0
2024-09-01,,,,,,,
2024-09-02,0.0,0.0,0.0,0.0,0.0,0.0,0.0
2024-09-03,,,,,,,
2024-09-04,0.0,0.0,0.0,0.0,0.0,0.0,0.0
2024-09-05,,,,,,,
2024-09-06,0.0,0.0,0.0,0.0,0.0,0.0,0.0
2024-09-07,,,,,,,
2024-09-08,0.0,0.0,0.0,0.0,0.0,0.0,0.0
2024-09-09,,,,,,,
2024-09-10,0.0,0.0,0.0,0.0,0.0,9.19,0.0
2024-09-11,,,,,,,
2024-09-12,0.0,0.0,0.0,6.24,0.0,8.33,0.0
2024-09-13,,,,,,,
2024-09-14,0.0,0.0,0.0,4.95,0.0,0.0,6.1
2024-09-15,,,,,,,
2024-09-16,0.0,0.0,0.0,0.0,0.0,0.0,0.0
2024-09-17,,,,,,,
2024-09-18,0.0,0.0,1.5,0.0,0.0,0.0,0.0
2024-09-19,,,,,,,
2024-09-20,0.0,0.0,0.0,0.0,0.0,0.0,21.04
2024-09-21,,,,,,,
2024-09-22,0.0,0.0,0.0,0.0,0.0,0.0,0.0
2024-09-23,,,,,,,
2024-09-24,0.0,0.0,0.0,0.0,0.0,0.0,0.0
2024-09-25,,,,,,,
2024-09-26,7.44,0.0,0.0,0.0,0.0,0.0,0.0
2024-09-27,,,,,,,
2024-09-28,0.0,0.0,0.0,0.0,0.0,0.0,0.0
2024-09-29,,,,,,,
2024-09-30,0.0,0.0,0.0,0.0,0.0,0.0,0.0
2024-10-01,,,,,,,
2024-10-02,0.0,11.7,0.0,0.0,0.0,0.0,2.29
2024-10-03,,,,,,,
2024-10-04,0.0,0.0,0.0,0.0,4.71,27.93,4.14
2024-10-05,,,,,,,
2024-10-06,0.0,0.0,2.12,10.06,1.99,5.0,0.0
2024-10-07,,,,,,,
2024-10-08,0.0,27.98,8.52,17.25,0.0,0.0,0.0
2024-10-09,,,,,,,
2024-10-10,5.37,7.48,0.0,0.0,0.0,0.0,2.37
2024-10-11,,,,,,,
2024-10-12,0.0,0.0,0.0,0.0,0.0,0.0,23.17
2024-10-13,,,,,,,
2024-10-14,0.0,0.0,0.0,3.06,19.41,5.97,7.07
2024-10-15,,,,,,,
2024-10-16,0.0,0.0,15.46,0.0,0.0,0.0,12.44
2024-10-17,,,,,,,
2024-10-18,4.88,1.22,1.66,0.0,2.56,10.99,6.22
2024-10-19,,,,,,,
2024-10-20,4.01,0.0,3.65,1.89,4.44,5.25,0.0
2024-10-21,,,,,,,
2024-10-22,6.7,6.4,3.34,6.86,0.0,7.54,0.0
2024-10-23,,,,,,,
2024-10-24,2.93,0.0,0.0,1.17,11.92,2.41,1.32
2024-10-25,,,,,,,
2024-10-26,1.51,2.92,0.0,0.0,0.0,3.23,1.53
2024-10-27,,,,,,,
2024-10-28,0.0,0.0,0.0,0.0,0.0,5.87,14.12
2024-10-29,,,,,,,
2024-10-30,0.0,0.0,1.11,10.12,16.23,3.87,24.96
2024-10-31,,,,,,,
2024-11-01,1.38,27.27,31.36,17.74,2.01,9.4,40.05
2024-11-02,,,,,,,
2024-11-03,18.42,17.34,9.02,10.12,56.54,1.17,0.0
2024-11-04,,,,,,,
2024-11-05,18.62,16.87,44.61,0.0,0.0,0.0,0.0
2024-11-06,,,,,,,
2024-11-07,52.03,0.0,0.0,0.0,0.0,4.48,0.0
2024-11-08,,,,,,,
2024-11-09,0.0,0.0,0.0,10.21,0.0,14.89,47.04
2024-11-10,,,,,,,
2024-11-11,0.0,16.95,3.92,36.6,11.29,14.95,5.25
