Dia;PrevD1;PrevD2;PrevD3;PrevD4;PrevD5;PrevD6;PrevD7
2021-01-02;0.00;14.32;0.00;0.00;5.40;2.16;0.12
2021-01-03;14.32;0.00;0.00;5.40;2.16;0.12;3.82
2021-01-04;0.00;0.00;5.40;2.16;0.12;3.82;14.61
2021-01-05;0.00;5.40;2.16;0.12;3.82;14.61;18.43
2021-01-06;5.40;2.16;0.12;3.82;14.61;18.43;2.40
2021-01-07;2.16;0.12;3.82;14.61;18.43;2.40;23.14
2021-01-08;0.12;3.82;14.61;18.43;2.40;23.14;8.01
2021-01-09;3.82;14.61;18.43;2.40;23.14;8.01;17.95
2021-01-10;14.61;18.43;2.40;23.14;8.01;17.95;9.49
2021-01-11;18.43;2.40;23.14;8.01;17.95;9.49;4.77
2021-01-12;2.40;23.14;8.01;17.95;9.49;4.77;0.00
2021-01-13;23.14;8.01;17.95;9.49;4.77;0.00;0.16
2021-01-14;8.01;17.95;9.49;4.77;0.00;0.16;0.00
2021-01-15;17.95;9.49;4.77;0.00;0.16;0.00;0.00
2021-01-16;9.49;4.77;0.00;0.16;0.00;0.00;0.04
2021-01-17;4.77;0.00;0.16;0.00;0.00;0.04;2.72
2021-01-18;0.00;0.16;0.00;0.00;0.04;2.72;9.12
2021-01-19;0.16;0.00;0.00;0.04;2.72;9.12;0.59
2021-01-20;0.00;0.00;0.04;2.72;9.12;0.59;6.32
2021-01-21;0.00;0.04;2.72;9.12;0.59;6.32;0.12
2021-01-22;0.04;2.72;9.12;0.59;6.32;0.12;1.17
2021-01-23;2.72;9.12;0.59;6.32;0.12;1.17;0.00
2021-01-24;9.12;0.59;6.32;0.12;1.17;0.00;0.00
2021-01-25;0.59;6.32;0.12;1.17;0.00;0.00;1.83
2021-01-26;6.32;0.12;1.17;0.00;0.00;1.83;0.16
2021-01-27;0.12;1.17;0.00;0.00;1.83;0.16;8.78
2021-01-28;1.17;0.00;0.00;1.83;0.16;8.78;0.01
2021-01-29;0.00;0.00;1.83;0.16;8.78;0.01;0.00
2021-01-30;0.00;1.83;0.16;8.78;0.01;0.00;39.12
2021-01-31;1.83;0.16;8.78;0.01;0.00;39.12;0.00
2021-02-01;0.16;8.78;0.01;0.00;39.12;0.00;0.00
2021-02-02;8.78;0.01;0.00;39.12;0.00;0.00;0.00
2021-02-03;0.01;0.00;39.12;0.00;0.00;0.00;0.00
2021-02-04;0.00;39.12;0.00;0.00;0.00;0.00;3.20
2021-02-05;39.12;0.00;0.00;0.00;0.00;3.20;15.45
2021-02-06;0.00;0.00;0.00;0.00;3.20;15.45;10.49
2021-02-07;0.00;0.00;0.00;3.20;15.45;10.49;9.50
2021-02-08;0.00;0.00;3.20;15.45;10.49;9.50;5.08
2021-02-09;0.00;3.20;15.45;10.49;9.50;5.08;0.12
2021-02-10;3.20;15.45;10.49;9.50;5.08;0.12;2.66
2021-02-11;15.45;10.49;9.50;5.08;0.12;2.66;9.88
2021-02-12;10.49;9.50;5.08;0.12;2.66;9.88;0.48
2021-02-13;9.50;5.08;0.12;2.66;9.88;0.48;0.00
2021-02-14;5.08;0.12;2.66;9.88;0.48;0.00;0.00
2021-02-15;0.12;2.66;9.88;0.48;0.00;0.00;0.97
2021-02-16;2.66;9.88;0.48;0.00;0.00;0.97;0.00
2021-02-17;9.88;0.48;0.00;0.00;0.97;0.00;0.00
2021-02-18;0.48;0.00;0.00;0.97;0.00;0.00;0.00
2021-02-19;0.00;0.00;0.97;0.00;0.00;0.00;12.01
2021-02-20;0.00;0.97;0.00;0.00;0.00;12.01;2.84
2021-02-21;0.97;0.00;0.00;0.00;12.01;2.84;0.22
2021-02-22;0.00;0.00;0.00;12.01;2.84;0.22;0.07
2021-02-23;0.00;0.00;12.01;2.84;0.22;0.07;2.24
2021-02-24;0.00;12.01;2.84;0.22;0.07;2.24;0.00
2021-02-25;12.01;2.84;0.22;0.07;2.24;0.00;0.00
2021-02-26;2.84;0.22;0.07;2.24;0.00;0.00;3.11
2021-02-27;0.22;0.07;2.24;0.00;0.00;3.11;6.41
2021-02-28;0.07;2.24;0.00;0.00;3.11;6.41;25.83
2021-03-01;2.24;0.00;0.00;3.11;6.41;25.83;10.92
2021-03-02;0.00;0.00;3.11;6.41;25.83;10.92;3.94
2021-03-03;0.00;3.11;6.41;25.83;10.92;3.94;1.35
2021-03-04;3.11;6.41;25.83;10.92;3.94;1.35;0.00
2021-03-05;6.41;25.83;10.92;3.94;1.35;0.00;0.67
2021-03-06;25.83;10.92;3.94;1.35;0.00;0.67;2.42
2021-03-07;10.92;3.94;1.35;0.00;0.67;2.42;0.00
2021-03-08;3.94;1.35;0.00;0.67;2.42;0.00;0.22
2021-03-09;1.35;0.00;0.67;2.42;0.00;0.22;0.00
2021-03-10;0.00;0.67;2.42;0.00;0.22;0.00;0.00
2021-03-11;0.67;2.42;0.00;0.22;0.00;0.00;0.35
2021-03-12;2.42;0.00;0.22;0.00;0.00;0.35;24.19
2021-03-13;0.00;0.22;0.00;0.00;0.35;24.19;15.55
2021-03-14;0.22;0.00;0.00;0.35;24.19;15.55;0.00
2021-03-15;0.00;0.00;0.35;24.19;15.55;0.00;0.00
2021-03-16;0.00;0.35;24.19;15.55;0.00;0.00;0.00
2021-03-17;0.35;24.19;15.55;0.00;0.00;0.00;0.00
2021-03-18;24.19;15.55;0.00;0.00;0.00;0.00;0.08
2021-03-19;15.55;0.00;0.00;0.00;0.00;0.08;0.00
2021-03-20;0.00;0.00;0.00;0.00;0.08;0.00;0.81
2021-03-21;0.00;0.00;0.00;0.08;0.00;0.81;0.53
2021-03-22;0.00;0.00;0.08;0.00;0.81;0.53;3.23
2021-03-23;0.00;0.08;0.00;0.81;0.53;3.23;0.23
2021-03-24;0.08;0.00;0.81;0.53;3.23;0.23;9.75
2021-03-25;0.00;0.81;0.53;3.23;0.23;9.75;0.00
2021-03-26;0.81;0.53;3.23;0.23;9.75;0.00;0.00
2021-03-27;0.53;3.23;0.23;9.75;0.00;0.00;0.00
2021-03-28;3.23;0.23;9.75;0.00;0.00;0.00;0.00
2021-03-29;0.23;9.75;0.00;0.00;0.00;0.00;0.00
2021-03-30;9.75;0.00;0.00;0.00;0.00;0.00;0.00
2021-03-31;0.00;0.00;0.00;0.00;0.00;0.00;0.63
2021-04-01;0.00;0.00;0.00;0.00;0.00;0.63;0.00
2021-04-02;0.00;0.00;0.00;0.00;0.63;0.00;0.00
2021-04-03;0.00;0.00;0.00;0.63;0.00;0.00;0.00
2021-04-04;0.00;0.00;0.63;0.00;0.00;0.00;0.00
2021-04-05;0.00;0.63;0.00;0.00;0.00;0.00;0.00
2021-04-06;0.63;0.00;0.00;0.00;0.00;0.00;0.00
2021-04-07;0.00;0.00;0.00;0.00;0.00;0.00;0.00
2021-04-08;0.00;0.00;0.00;0.00;0.00;0.00;0.00
2021-04-09;0.00;0.00;0.00;0.00;0.00;0.00;0.00
2021-04-10;0.00;0.00;0.00;0.00;0.00;0.00;0.00
2021-04-11;0.00;0.00;0.00;0.00;0.00;0.00;0.00
2021-04-12;0.00;0.00;0.00;0.00;0.00;0.00;2.87
2021-04-13;0.00;0.00;0.00;0.00;0.00;2.87;0.00
2021-04-14;0.00;0.00;0.00;0.00;2.87;0.00;0.00
2021-04-15;0.00;0.00;0.00;2.87;0.00;0.00;0.00
2021-04-16;0.00;0.00;2.87;0.00;0.00;0.00;0.00
2021-04-17;0.00;2.87;0.00;0.00;0.00;0.00;0.00
2021-04-18;2.87;0.00;0.00;0.00;0.00;0.00;0.00
2021-04-19;0.00;0.00;0.00;0.00;0.00;0.00;0.00
2021-04-20;0.00;0.00;0.00;0.00;0.00;0.00;0.00
2021-04-21;0.00;0.00;0.00;0.00;0.00;0.00;0.00
2021-04-22;0.00;0.00;0.00;0.00;0.00;0.00;0.00
2021-04-23;0.00;0.00;0.00;0.00;0.00;0.00;0.00
2021-04-24;0.00;0.00;0.00;0.00;0.00;0.00;0.00
2021-04-25;0.00;0.00;0.00;0.00;0.00;0.00;0.00
2021-04-26;0.00;0.00;0.00;0.00;0.00;0.00;0.00
2021-04-27;0.00;0.00;0.00;0.00;0.00;0.00;0.00
2021-04-28;0.00;0.00;0.00;0.00;0.00;0.00;0.00
2021-04-29;0.00;0.00;0.00;0.00;0.00;0.00;0.00
2021-04-30;0.00;0.00;0.00;0.00;0.00;0.00;0.00
2021-05-01;0.00;0.00;0.00;0.00;0.00;0.00;0.00
2021-05-02;0.00;0.00;0.00;0.00;0.00;0.00;0.00
2021-05-03;0.00;0.00;0.00;0.00;0.00;0.00;0.00
2021-05-04;0.00;0.00;0.00;0.00;0.00;0.00;0.00
2021-05-05;0.00;0.00;0.00;0.00;0.00;0.00;0.00
2021-05-06;0.00;0.00;0.00;0.00;0.00;0.00;11.92
2021-05-07;0.00;0.00;0.00;0.00;0.00;11.92;3.94
2021-05-08;0.00;0.00;0.00;0.00;11.92;3.94;0.00
2021-05-09;0.00;0.00;0.00;11.92;3.94;0.00;0.00
2021-05-10;0.00;0.00;11.92;3.94;0.00;0.00;0.00
2021-05-11;0.00;11.92;3.94;0.00;0.00;0.00;0.00
2021-05-12;11.92;3.94;0.00;0.00;0.00;0.00;0.00
2021-05-13;3.94;0.00;0.00;0.00;0.00;0.00;0.00
2021-05-14;0.00;0.00;0.00;0.00;0.00;0.00;0.00
2021-05-15;0.00;0.00;0.00;0.00;0.00;0.00;0.00
2021-05-16;0.00;0.00;0.00;0.00;0.00;0.00;9.15
2021-05-17;0.00;0.00;0.00;0.00;0.00;9.15;0.00
2021-05-18;0.00;0.00;0.00;0.00;9.15;0.00;0.00
2021-05-19;0.00;0.00;0.00;9.15;0.00;0.00;0.00
2021-05-20;0.00;0.00;9.15;0.00;0.00;0.00;0.00
2021-05-21;0.00;9.15;0.00;0.00;0.00;0.00;0.00
2021-05-22;9.15;0.00;0.00;0.00;0.00;0.00;0.00
2021-05-23;0.00;0.00;0.00;0.00;0.00;0.00;1.27
2021-05-24;0.00;0.00;0.00;0.00;0.00;1.27;14.90
2021-05-25;0.00;0.00;0.00;0.00;1.27;14.90;0.00
2021-05-26;0.00;0.00;0.00;1.27;14.90;0.00;0.00
2021-05-27;0.00;0.00;1.27;14.90;0.00;0.00;0.00
2021-05-28;0.00;1.27;14.90;0.00;0.00;0.00;0.00
2021-05-29;1.27;14.90;0.00;0.00;0.00;0.00;0.00
2021-05-30;14.90;0.00;0.00;0.00;0.00;0.00;0.00
2021-05-31;0.00;0.00;0.00;0.00;0.00;0.00;0.00
2021-06-01;0.00;0.00;0.00;0.00;0.00;0.00;0.68
2021-06-02;0.00;0.00;0.00;0.00;0.00;0.68;0.00
2021-06-03;0.00;0.00;0.00;0.00;0.68;0.00;0.00
2021-06-04;0.00;0.00;0.00;0.68;0.00;0.00;4.87
2021-06-05;0.00;0.00;0.68;0.00;0.00;4.87;0.00
2021-06-06;0.00;0.68;0.00;0.00;4.87;0.00;0.00
2021-06-07;0.68;0.00;0.00;4.87;0.00;0.00;0.00
2021-06-08;0.00;0.00;4.87;0.00;0.00;0.00;0.00
2021-06-09;0.00;4.87;0.00;0.00;0.00;0.00;0.00
2021-06-10;4.87;0.00;0.00;0.00;0.00;0.00;0.00
2021-06-11;0.00;0.00;0.00;0.00;0.00;0.00;0.00
2021-06-12;0.00;0.00;0.00;0.00;0.00;0.00;0.00
2021-06-13;0.00;0.00;0.00;0.00;0.00;0.00;0.08
2021-06-14;0.00;0.00;0.00;0.00;0.00;0.08;0.71
2021-06-15;0.00;0.00;0.00;0.00;0.08;0.71;0.00
2021-06-16;0.00;0.00;0.00;0.08;0.71;0.00;3.70
2021-06-17;0.00;0.00;0.08;0.71;0.00;3.70;0.00
2021-06-18;0.00;0.08;0.71;0.00;3.70;0.00;0.00
2021-06-19;0.08;0.71;0.00;3.70;0.00;0.00;0.00
2021-06-20;0.71;0.00;3.70;0.00;0.00;0.00;0.00
2021-06-21;0.00;3.70;0.00;0.00;0.00;0.00;0.00
2021-06-22;3.70;0.00;0.00;0.00;0.00;0.00;0.00
2021-06-23;0.00;0.00;0.00;0.00;0.00;0.00;0.00
2021-06-24;0.00;0.00;0.00;0.00;0.00;0.00;0.00
2021-06-25;0.00;0.00;0.00;0.00;0.00;0.00;0.00
2021-06-26;0.00;0.00;0.00;0.00;0.00;0.00;0.00
2021-06-27;0.00;0.00;0.00;0.00;0.00;0.00;0.00
2021-06-28;0.00;0.00;0.00;0.00;0.00;0.00;0.00
2021-06-29;0.00;0.00;0.00;0.00;0.00;0.00;0.00
2021-06-30;0.00;0.00;0.00;0.00;0.00;0.00;0.00
2021-07-01;0.00;0.00;0.00;0.00;0.00;0.00;0.00
2021-07-02;0.00;0.00;0.00;0.00;0.00;0.00;0.00
2021-07-03;0.00;0.00;0.00;0.00;0.00;0.00;0.00
2021-07-04;0.00;0.00;0.00;0.00;0.00;0.00;0.00
2021-07-05;0.00;0.00;0.00;0.00;0.00;0.00;0.00
2021-07-06;0.00;0.00;0.00;0.00;0.00;0.00;0.00
2021-07-07;0.00;0.00;0.00;0.00;0.00;0.00;0.00
2021-07-08;0.00;0.00;0.00;0.00;0.00;0.00;0.00
2021-07-09;0.00;0.00;0.00;0.00;0.00;0.00;0.00
2021-07-10;0.00;0.00;0.00;0.00;0.00;0.00;0.00
2021-07-11;0.00;0.00;0.00;0.00;0.00;0.00;0.00
2021-07-12;0.00;0.00;0.00;0.00;0.00;0.00;0.00
2021-07-13;0.00;0.00;0.00;0.00;0.00;0.00;0.00
2021-07-14;0.00;0.00;0.00;0.00;0.00;0.00;0.00
2021-07-15;0.00;0.00;0.00;0.00;0.00;0.00;0.00
2021-07-16;0.00;0.00;0.00;0.00;0.00;0.00;0.00
2021-07-17;0.00;0.00;0.00;0.00;0.00;0.00;0.00
2021-07-18;0.00;0.00;0.00;0.00;0.00;0.00;0.00
2021-07-19;0.00;0.00;0.00;0.00;0.00;0.00;0.00
2021-07-20;0.00;0.00;0.00;0.00;0.00;0.00;0.00
2021-07-21;0.00;0.00;0.00;0.00;0.00;0.00;0.00
2021-07-22;0.00;0.00;0.00;0.00;0.00;0.00;16.87
2021-07-23;0.00;0.00;0.00;0.00;0.00;16.87;0.00
2021-07-24;0.00;0.00;0.00;0.00;16.87;0.00;0.00
2021-07-25;0.00;0.00;0.00;16.87;0.00;0.00;0.00
2021-07-26;0.00;0.00;16.87;0.00;0.00;0.00;0.00
2021-07-27;0.00;16.87;0.00;0.00;0.00;0.00;0.00
2021-07-28;16.87;0.00;0.00;0.00;0.00;0.00;0.00
2021-07-29;0.00;0.00;0.00;0.00;0.00;0.00;0.00
2021-07-30;0.00;0.00;0.00;0.00;0.00;0.00;0.00
2021-07-31;0.00;0.00;0.00;0.00;0.00;0.00;0.00
2021-08-01;0.00;0.00;0.00;0.00;0.00;0.00;0.00
2021-08-02;0.00;0.00;0.00;0.00;0.00;0.00;0.00
2021-08-03;0.00;0.00;0.00;0.00;0.00;0.00;0.00
2021-08-04;0.00;0.00;0.00;0.00;0.00;0.00;0.00
2021-08-05;0.00;0.00;0.00;0.00;0.00;0.00;0.00
2021-08-06;0.00;0.00;0.00;0.00;0.00;0.00;0.00
2021-08-07;0.00;0.00;0.00;0.00;0.00;0.00;0.00
2021-08-08;0.00;0.00;0.00;0.00;0.00;0.00;0.00
2021-08-09;0.00;0.00;0.00;0.00;0.00;0.00;0.00
2021-08-10;0.00;0.00;0.00;0.00;0.00;0.00;0.01
2021-08-11;0.00;0.00;0.00;0.00;0.00;0.01;0.00
2021-08-12;0.00;0.00;0.00;0.00;0.01;0.00;0.00
2021-08-13;0.00;0.00;0.00;0.01;0.00;0.00;0.00
2021-08-14;0.00;0.00;0.01;0.00;0.00;0.00;0.00
2021-08-15;0.00;0.01;0.00;0.00;0.00;0.00;0.00
2021-08-16;0.01;0.00;0.00;0.00;0.00;0.00;0.00
2021-08-17;0.00;0.00;0.00;0.00;0.00;0.00;0.00
2021-08-18;0.00;0.00;0.00;0.00;0.00;0.00;0.00
2021-08-19;0.00;0.00;0.00;0.00;0.00;0.00;0.00
2021-08-20;0.00;0.00;0.00;0.00;0.00;0.00;0.00
2021-08-21;0.00;0.00;0.00;0.00;0.00;0.00;0.00
2021-08-22;0.00;0.00;0.00;0.00;0.00;0.00;10.84
2021-08-23;0.00;0.00;0.00;0.00;0.00;10.84;0.00
2021-08-24;0.00;0.00;0.00;0.00;10.84;0.00;0.00
2021-08-25;0.00;0.00;0.00;10.84;0.00;0.00;0.00
2021-08-26;0.00;0.00;10.84;0.00;0.00;0.00;0.00
2021-08-27;0.00;10.84;0.00;0.00;0.00;0.00;0.00
2021-08-28;10.84;0.00;0.00;0.00;0.00;0.00;0.00
2021-08-29;0.00;0.00;0.00;0.00;0.00;0.00;0.00
2021-08-30;0.00;0.00;0.00;0.00;0.00;0.00;0.00
2021-08-31;0.00;0.00;0.00;0.00;0.00;0.00;0.00
2021-09-01;0.00;0.00;0.00;0.00;0.00;0.00;0.00
2021-09-02;0.00;0.00;0.00;0.00;0.00;0.00;0.00
2021-09-03;0.00;0.00;0.00;0.00;0.00;0.00;6.35
2021-09-04;0.00;0.00;0.00;0.00;0.00;6.35;5.06
2021-09-05;0.00;0.00;0.00;0.00;6.35;5.06;0.00
2021-09-06;0.00;0.00;0.00;6.35;5.06;0.00;0.00
2021-09-07;0.00;0.00;6.35;5.06;0.00;0.00;0.00
2021-09-08;0.00;6.35;5.06;0.00;0.00;0.00;0.00
2021-09-09;6.35;5.06;0.00;0.00;0.00;0.00;0.48
2021-09-10;5.06;0.00;0.00;0.00;0.00;0.48;0.17
2021-09-11;0.00;0.00;0.00;0.00;0.48;0.17;0.00
2021-09-12;0.00;0.00;0.00;0.48;0.17;0.00;0.00
2021-09-13;0.00;0.00;0.48;0.17;0.00;0.00;0.00
2021-09-14;0.00;0.48;0.17;0.00;0.00;0.00;0.00
2021-09-15;0.48;0.17;0.00;0.00;0.00;0.00;0.00
2021-09-16;0.17;0.00;0.00;0.00;0.00;0.00;0.00
2021-09-17;0.00;0.00;0.00;0.00;0.00;0.00;0.00
2021-09-18;0.00;0.00;0.00;0.00;0.00;0.00;0.00
2021-09-19;0.00;0.00;0.00;0.00;0.00;0.00;8.29
2021-09-20;0.00;0.00;0.00;0.00;0.00;8.29;1.41
2021-09-21;0.00;0.00;0.00;0.00;8.29;1.41;0.00
2021-09-22;0.00;0.00;0.00;8.29;1.41;0.00;0.00
2021-09-23;0.00;0.00;8.29;1.41;0.00;0.00;0.00
2021-09-24;0.00;8.29;1.41;0.00;0.00;0.00;0.00
2021-09-25;8.29;1.41;0.00;0.00;0.00;0.00;2.96
2021-09-26;1.41;0.00;0.00;0.00;0.00;2.96;0.00
2021-09-27;0.00;0.00;0.00;0.00;2.96;0.00;19.01
2021-09-28;0.00;0.00;0.00;2.96;0.00;19.01;0.96
2021-09-29;0.00;0.00;2.96;0.00;19.01;0.96;0.00
2021-09-30;0.00;2.96;0.00;19.01;0.96;0.00;0.08
2021-10-01;2.96;0.00;19.01;0.96;0.00;0.08;0.24
2021-10-02;0.00;19.01;0.96;0.00;0.08;0.24;0.00
2021-10-03;19.01;0.96;0.00;0.08;0.24;0.00;1.49
2021-10-04;0.96;0.00;0.08;0.24;0.00;1.49;5.57
2021-10-05;0.00;0.08;0.24;0.00;1.49;5.57;0.84
2021-10-06;0.08;0.24;0.00;1.49;5.57;0.84;5.32
2021-10-07;0.24;0.00;1.49;5.57;0.84;5.32;0.00
2021-10-08;0.00;1.49;5.57;0.84;5.32;0.00;0.63
2021-10-09;1.49;5.57;0.84;5.32;0.00;0.63;3.86
2021-10-10;5.57;0.84;5.32;0.00;0.63;3.86;9.69
2021-10-11;0.84;5.32;0.00;0.63;3.86;9.69;0.00
2021-10-12;5.32;0.00;0.63;3.86;9.69;0.00;16.18
2021-10-13;0.00;0.63;3.86;9.69;0.00;16.18;2.05
2021-10-14;0.63;3.86;9.69;0.00;16.18;2.05;0.00
2021-10-15;3.86;9.69;0.00;16.18;2.05;0.00;0.00
2021-10-16;9.69;0.00;16.18;2.05;0.00;0.00;0.00
2021-10-17;0.00;16.18;2.05;0.00;0.00;0.00;0.00
2021-10-18;16.18;2.05;0.00;0.00;0.00;0.00;19.57
2021-10-19;2.05;0.00;0.00;0.00;0.00;19.57;0.00
2021-10-20;0.00;0.00;0.00;0.00;19.57;0.00;8.20
2021-10-21;0.00;0.00;0.00;19.57;0.00;8.20;1.01
2021-10-22;0.00;0.00;19.57;0.00;8.20;1.01;4.48
2021-10-23;0.00;19.57;0.00;8.20;1.01;4.48;0.00
2021-10-24;19.57;0.00;8.20;1.01;4.48;0.00;2.78
2021-10-25;0.00;8.20;1.01;4.48;0.00;2.78;0.36
2021-10-26;8.20;1.01;4.48;0.00;2.78;0.36;15.43
2021-10-27;1.01;4.48;0.00;2.78;0.36;15.43;0.00
2021-10-28;4.48;0.00;2.78;0.36;15.43;0.00;0.00
2021-10-29;0.00;2.78;0.36;15.43;0.00;0.00;0.00
2021-10-30;2.78;0.36;15.43;0.00;0.00;0.00;0.00
2021-10-31;0.36;15.43;0.00;0.00;0.00;0.00;0.00
2021-11-01;15.43;0.00;0.00;0.00;0.00;0.00;0.00
2021-11-02;0.00;0.00;0.00;0.00;0.00;0.00;0.00
2021-11-03;0.00;0.00;0.00;0.00;0.00;0.00;0.00
2021-11-04;0.00;0.00;0.00;0.00;0.00;0.00;0.00
2021-11-05;0.00;0.00;0.00;0.00;0.00;0.00;3.44
2021-11-06;0.00;0.00;0.00;0.00;0.00;3.44;0.00
2021-11-07;0.00;0.00;0.00;0.00;3.44;0.00;0.00
2021-11-08;0.00;0.00;0.00;3.44;0.00;0.00;0.00
2021-11-09;0.00;0.00;3.44;0.00;0.00;0.00;0.00
2021-11-10;0.00;3.44;0.00;0.00;0.00;0.00;0.00
2021-11-11;3.44;0.00;0.00;0.00;0.00;0.00;0.00
2021-11-12;0.00;0.00;0.00;0.00;0.00;0.00;11.33
2021-11-13;0.00;0.00;0.00;0.00;0.00;11.33;23.97
2021-11-14;0.00;0.00;0.00;0.00;11.33;23.97;0.02
2021-11-15;0.00;0.00;0.00;11.33;23.97;0.02;0.01
2021-11-16;0.00;0.00;11.33;23.97;0.02;0.01;0.00
2021-11-17;0.00;11.33;23.97;0.02;0.01;0.00;0.00
2021-11-18;11.33;23.97;0.02;0.01;0.00;0.00;0.00
2021-11-19;23.97;0.02;0.01;0.00;0.00;0.00;0.00
2021-11-20;0.02;0.01;0.00;0.00;0.00;0.00;4.67
2021-11-21;0.01;0.00;0.00;0.00;0.00;4.67;0.00
2021-11-22;0.00;0.00;0.00;0.00;4.67;0.00;0.00
2021-11-23;0.00;0.00;0.00;4.67;0.00;0.00;0.00
2021-11-24;0.00;0.00;4.67;0.00;0.00;0.00;23.35
2021-11-25;0.00;4.67;0.00;0.00;0.00;23.35;0.00
2021-11-26;4.67;0.00;0.00;0.00;23.35;0.00;0.08
2021-11-27;0.00;0.00;0.00;23.35;0.00;0.08;0.00
2021-11-28;0.00;0.00;23.35;0.00;0.08;0.00;0.00
2021-11-29;0.00;23.35;0.00;0.08;0.00;0.00;0.00
2021-11-30;23.35;0.00;0.08;0.00;0.00;0.00;0.01
2021-12-01;0.00;0.08;0.00;0.00;0.00;0.01;0.64
2021-12-02;0.08;0.00;0.00;0.00;0.01;0.64;0.00
2021-12-03;0.00;0.00;0.00;0.01;0.64;0.00;0.00
2021-12-04;0.00;0.00;0.01;0.64;0.00;0.00;0.01
2021-12-05;0.00;0.01;0.64;0.00;0.00;0.01;0.00
2021-12-06;0.01;0.64;0.00;0.00;0.01;0.00;1.06
2021-12-07;0.64;0.00;0.00;0.01;0.00;1.06;1.82
2021-12-08;0.00;0.00;0.01;0.00;1.06;1.82;9.09
2021-12-09;0.00;0.01;0.00;1.06;1.82;9.09;6.67
2021-12-10;0.01;0.00;1.06;1.82;9.09;6.67;7.61
2021-12-11;0.00;1.06;1.82;9.09;6.67;7.61;30.36
2021-12-12;1.06;1.82;9.09;6.67;7.61;30.36;0.03
2021-12-13;1.82;9.09;6.67;7.61;30.36;0.03;0.00
2021-12-14;9.09;6.67;7.61;30.36;0.03;0.00;0.00
2021-12-15;6.67;7.61;30.36;0.03;0.00;0.00;0.00
2021-12-16;7.61;30.36;0.03;0.00;0.00;0.00;4.39
2021-12-17;30.36;0.03;0.00;0.00;0.00;4.39;0.11
2021-12-18;0.03;0.00;0.00;0.00;4.39;0.11;0.00
2021-12-19;0.00;0.00;0.00;4.39;0.11;0.00;0.00
2021-12-20;0.00;0.00;4.39;0.11;0.00;0.00;0.00
2021-12-21;0.00;4.39;0.11;0.00;0.00;0.00;14.45
2021-12-22;4.39;0.11;0.00;0.00;0.00;14.45;10.92
2021-12-23;0.11;0.00;0.00;0.00;14.45;10.92;1.54
2021-12-24;0.00;0.00;0.00;14.45;10.92;1.54;2.89
2021-12-25;0.00;0.00;14.45;10.92;1.54;2.89;13.28
2021-12-26;0.00;14.45;10.92;1.54;2.89;13.28;8.27
2021-12-27;14.45;10.92;1.54;2.89;13.28;8.27;1.01
2021-12-28;10.92;1.54;2.89;13.28;8.27;1.01;1.57
2021-12-29;1.54;2.89;13.28;8.27;1.01;1.57;6.56
2021-12-30;2.89;13.28;8.27;1.01;1.57;6.56;16.32
2021-12-31;13.28;8.27;1.01;1.57;6.56;16.32;16.40
2022-01-01;8.27;1.01;1.57;6.56;16.32;16.40;0.00
2022-01-02;1.01;1.57;6.56;16.32;16.40;0.00;0.00
2022-01-03;1.57;6.56;16.32;16.40;0.00;0.00;6.46
2022-01-04;6.56;16.32;16.40;0.00;0.00;6.46;0.00
2022-01-05;16.32;16.40;0.00;0.00;6.46;0.00;6.10
2022-01-06;16.40;0.00;0.00;6.46;0.00;6.10;10.96
2022-01-07;0.00;0.00;6.46;0.00;6.10;10.96;2.95
2022-01-08;0.00;6.46;0.00;6.10;10.96;2.95;3.24
2022-01-09;6.46;0.00;6.10;10.96;2.95;3.24;0.24
2022-01-10;0.00;6.10;10.96;2.95;3.24;0.24;1.15
2022-01-11;6.10;10.96;2.95;3.24;0.24;1.15;5.07
2022-01-12;10.96;2.95;3.24;0.24;1.15;5.07;2.34
2022-01-13;2.95;3.24;0.24;1.15;5.07;2.34;1.38
2022-01-14;3.24;0.24;1.15;5.07;2.34;1.38;0.50
2022-01-15;0.24;1.15;5.07;2.34;1.38;0.50;0.00
2022-01-16;1.15;5.07;2.34;1.38;0.50;0.00;0.00
2022-01-17;5.07;2.34;1.38;0.50;0.00;0.00;1.33
2022-01-18;2.34;1.38;0.50;0.00;0.00;1.33;0.00
2022-01-19;1.38;0.50;0.00;0.00;1.33;0.00;9.21
2022-01-20;0.50;0.00;0.00;1.33;0.00;9.21;4.22
2022-01-21;0.00;0.00;1.33;0.00;9.21;4.22;16.27
2022-01-22;0.00;1.33;0.00;9.21;4.22;16.27;15.57
2022-01-23;1.33;0.00;9.21;4.22;16.27;15.57;16.50
2022-01-24;0.00;9.21;4.22;16.27;15.57;16.50;22.16
2022-01-25;9.21;4.22;16.27;15.57;16.50;22.16;13.58
2022-01-26;4.22;16.27;15.57;16.50;22.16;13.58;2.96
2022-01-27;16.27;15.57;16.50;22.16;13.58;2.96;9.23
2022-01-28;15.57;16.50;22.16;13.58;2.96;9.23;0.99
2022-01-29;16.50;22.16;13.58;2.96;9.23;0.99;0.63
2022-01-30;22.16;13.58;2.96;9.23;0.99;0.63;1.08
2022-01-31;13.58;2.96;9.23;0.99;0.63;1.08;11.42
2022-02-01;2.96;9.23;0.99;0.63;1.08;11.42;8.26
2022-02-02;9.23;0.99;0.63;1.08;11.42;8.26;0.00
2022-02-03;0.99;0.63;1.08;11.42;8.26;0.00;0.00
2022-02-04;0.63;1.08;11.42;8.26;0.00;0.00;0.00
2022-02-05;1.08;11.42;8.26;0.00;0.00;0.00;0.01
2022-02-06;11.42;8.26;0.00;0.00;0.00;0.01;0.00
2022-02-07;8.26;0.00;0.00;0.00;0.01;0.00;0.00
2022-02-08;0.00;0.00;0.00;0.01;0.00;0.00;0.00
2022-02-09;0.00;0.00;0.01;0.00;0.00;0.00;0.00
2022-02-10;0.00;0.01;0.00;0.00;0.00;0.00;0.00
2022-02-11;0.01;0.00;0.00;0.00;0.00;0.00;6.18
2022-02-12;0.00;0.00;0.00;0.00;0.00;6.18;0.82
2022-02-13;0.00;0.00;0.00;0.00;6.18;0.82;0.02
2022-02-14;0.00;0.00;0.00;6.18;0.82;0.02;5.15
2022-02-15;0.00;0.00;6.18;0.82;0.02;5.15;0.00
2022-02-16;0.00;6.18;0.82;0.02;5.15;0.00;0.03
2022-02-17;6.18;0.82;0.02;5.15;0.00;0.03;0.03
2022-02-18;0.82;0.02;5.15;0.00;0.03;0.03;0.00
2022-02-19;0.02;5.15;0.00;0.03;0.03;0.00;0.00
2022-02-20;5.15;0.00;0.03;0.03;0.00;0.00;0.00
2022-02-21;0.00;0.03;0.03;0.00;0.00;0.00;0.26
2022-02-22;0.03;0.03;0.00;0.00;0.00;0.26;0.00
2022-02-23;0.03;0.00;0.00;0.00;0.26;0.00;7.92
2022-02-24;0.00;0.00;0.00;0.26;0.00;7.92;0.00
2022-02-25;0.00;0.00;0.26;0.00;7.92;0.00;0.00
2022-02-26;0.00;0.26;0.00;7.92;0.00;0.00;19.98
2022-02-27;0.26;0.00;7.92;0.00;0.00;19.98;0.09
2022-02-28;0.00;7.92;0.00;0.00;19.98;0.09;0.79
2022-03-01;7.92;0.00;0.00;19.98;0.09;0.79;0.01
2022-03-02;0.00;0.00;19.98;0.09;0.79;0.01;0.25
2022-03-03;0.00;19.98;0.09;0.79;0.01;0.25;6.89
2022-03-04;19.98;0.09;0.79;0.01;0.25;6.89;2.95
2022-03-05;0.09;0.79;0.01;0.25;6.89;2.95;0.05
2022-03-06;0.79;0.01;0.25;6.89;2.95;0.05;20.79
2022-03-07;0.01;0.25;6.89;2.95;0.05;20.79;7.38
2022-03-08;0.25;6.89;2.95;0.05;20.79;7.38;10.81
2022-03-09;6.89;2.95;0.05;20.79;7.38;10.81;5.60
2022-03-10;2.95;0.05;20.79;7.38;10.81;5.60;4.13
2022-03-11;0.05;20.79;7.38;10.81;5.60;4.13;0.73
2022-03-12;20.79;7.38;10.81;5.60;4.13;0.73;6.31
2022-03-13;7.38;10.81;5.60;4.13;0.73;6.31;0.50
2022-03-14;10.81;5.60;4.13;0.73;6.31;0.50;2.96
2022-03-15;5.60;4.13;0.73;6.31;0.50;2.96;0.72
2022-03-16;4.13;0.73;6.31;0.50;2.96;0.72;0.14
2022-03-17;0.73;6.31;0.50;2.96;0.72;0.14;0.00
2022-03-18;6.31;0.50;2.96;0.72;0.14;0.00;0.00
2022-03-19;0.50;2.96;0.72;0.14;0.00;0.00;0.00
2022-03-20;2.96;0.72;0.14;0.00;0.00;0.00;15.26
2022-03-21;0.72;0.14;0.00;0.00;0.00;15.26;0.23
2022-03-22;0.14;0.00;0.00;0.00;15.26;0.23;0.00
2022-03-23;0.00;0.00;0.00;15.26;0.23;0.00;0.00
2022-03-24;0.00;0.00;15.26;0.23;0.00;0.00;0.13
2022-03-25;0.00;15.26;0.23;0.00;0.00;0.13;0.00
2022-03-26;15.26;0.23;0.00;0.00;0.13;0.00;0.76
2022-03-27;0.23;0.00;0.00;0.13;0.00;0.76;0.00
2022-03-28;0.00;0.00;0.13;0.00;0.76;0.00;0.00
2022-03-29;0.00;0.13;0.00;0.76;0.00;0.00;1.02
2022-03-30;0.13;0.00;0.76;0.00;0.00;1.02;0.06
2022-03-31;0.00;0.76;0.00;0.00;1.02;0.06;0.00
2022-04-01;0.76;0.00;0.00;1.02;0.06;0.00;0.00
2022-04-02;0.00;0.00;1.02;0.06;0.00;0.00;10.18
2022-04-03;0.00;1.02;0.06;0.00;0.00;10.18;0.39
2022-04-04;1.02;0.06;0.00;0.00;10.18;0.39;0.00
2022-04-05;0.06;0.00;0.00;10.18;0.39;0.00;0.00
2022-04-06;0.00;0.00;10.18;0.39;0.00;0.00;0.00
2022-04-07;0.00;10.18;0.39;0.00;0.00;0.00;0.00
2022-04-08;10.18;0.39;0.00;0.00;0.00;0.00;0.09
2022-04-09;0.39;0.00;0.00;0.00;0.00;0.09;0.00
2022-04-10;0.00;0.00;0.00;0.00;0.09;0.00;0.00
2022-04-11;0.00;0.00;0.00;0.09;0.00;0.00;0.00
2022-04-12;0.00;0.00;0.09;0.00;0.00;0.00;0.00
2022-04-13;0.00;0.09;0.00;0.00;0.00;0.00;0.00
2022-04-14;0.09;0.00;0.00;0.00;0.00;0.00;0.00
2022-04-15;0.00;0.00;0.00;0.00;0.00;0.00;0.00
2022-04-16;0.00;0.00;0.00;0.00;0.00;0.00;0.00
2022-04-17;0.00;0.00;0.00;0.00;0.00;0.00;0.00
2022-04-18;0.00;0.00;0.00;0.00;0.00;0.00;0.00
2022-04-19;0.00;0.00;0.00;0.00;0.00;0.00;0.00
2022-04-20;0.00;0.00;0.00;0.00;0.00;0.00;0.00
2022-04-21;0.00;0.00;0.00;0.00;0.00;0.00;0.00
2022-04-22;0.00;0.00;0.00;0.00;0.00;0.00;0.00
2022-04-23;0.00;0.00;0.00;0.00;0.00;0.00;0.00
2022-04-24;0.00;0.00;0.00;0.00;0.00;0.00;0.08
2022-04-25;0.00;0.00;0.00;0.00;0.00;0.08;0.07
2022-04-26;0.00;0.00;0.00;0.00;0.08;0.07;2.30
2022-04-27;0.00;0.00;0.00;0.08;0.07;2.30;0.00
2022-04-28;0.00;0.00;0.08;0.07;2.30;0.00;8.41
2022-04-29;0.00;0.08;0.07;2.30;0.00;8.41;0.00
2022-04-30;0.08;0.07;2.30;0.00;8.41;0.00;0.00
2022-05-01;0.07;2.30;0.00;8.41;0.00;0.00;0.00
2022-05-02;2.30;0.00;8.41;0.00;0.00;0.00;0.00
2022-05-03;0.00;8.41;0.00;0.00;0.00;0.00;0.00
2022-05-04;8.41;0.00;0.00;0.00;0.00;0.00;0.00
2022-05-05;0.00;0.00;0.00;0.00;0.00;0.00;6.92
2022-05-06;0.00;0.00;0.00;0.00;0.00;6.92;0.00
2022-05-07;0.00;0.00;0.00;0.00;6.92;0.00;0.00
2022-05-08;0.00;0.00;0.00;6.92;0.00;0.00;0.00
2022-05-09;0.00;0.00;6.92;0.00;0.00;0.00;6.46
2022-05-10;0.00;6.92;0.00;0.00;0.00;6.46;0.00
2022-05-11;6.92;0.00;0.00;0.00;6.46;0.00;0.00
2022-05-12;0.00;0.00;0.00;6.46;0.00;0.00;0.00
2022-05-13;0.00;0.00;6.46;0.00;0.00;0.00;0.00
2022-05-14;0.00;6.46;0.00;0.00;0.00;0.00;0.00
2022-05-15;6.46;0.00;0.00;0.00;0.00;0.00;0.00
2022-05-16;0.00;0.00;0.00;0.00;0.00;0.00;0.00
2022-05-17;0.00;0.00;0.00;0.00;0.00;0.00;0.00
2022-05-18;0.00;0.00;0.00;0.00;0.00;0.00;0.00
2022-05-19;0.00;0.00;0.00;0.00;0.00;0.00;0.00
2022-05-20;0.00;0.00;0.00;0.00;0.00;0.00;0.00
2022-05-21;0.00;0.00;0.00;0.00;0.00;0.00;0.00
2022-05-22;0.00;0.00;0.00;0.00;0.00;0.00;0.00
2022-05-23;0.00;0.00;0.00;0.00;0.00;0.00;0.00
2022-05-24;0.00;0.00;0.00;0.00;0.00;0.00;12.03
2022-05-25;0.00;0.00;0.00;0.00;0.00;12.03;9.25
2022-05-26;0.00;0.00;0.00;0.00;12.03;9.25;10.44
2022-05-27;0.00;0.00;0.00;12.03;9.25;10.44;0.00
2022-05-28;0.00;0.00;12.03;9.25;10.44;0.00;0.00
2022-05-29;0.00;12.03;9.25;10.44;0.00;0.00;0.00
2022-05-30;12.03;9.25;10.44;0.00;0.00;0.00;0.00
2022-05-31;9.25;10.44;0.00;0.00;0.00;0.00;0.00
2022-06-01;10.44;0.00;0.00;0.00;0.00;0.00;3.21
2022-06-02;0.00;0.00;0.00;0.00;0.00;3.21;2.91
2022-06-03;0.00;0.00;0.00;0.00;3.21;2.91;0.71
2022-06-04;0.00;0.00;0.00;3.21;2.91;0.71;6.22
2022-06-05;0.00;0.00;3.21;2.91;0.71;6.22;0.00
2022-06-06;0.00;3.21;2.91;0.71;6.22;0.00;0.00
2022-06-07;3.21;2.91;0.71;6.22;0.00;0.00;0.00
2022-06-08;2.91;0.71;6.22;0.00;0.00;0.00;0.00
2022-06-09;0.71;6.22;0.00;0.00;0.00;0.00;0.00
2022-06-10;6.22;0.00;0.00;0.00;0.00;0.00;0.00
2022-06-11;0.00;0.00;0.00;0.00;0.00;0.00;0.00
2022-06-12;0.00;0.00;0.00;0.00;0.00;0.00;0.00
2022-06-13;0.00;0.00;0.00;0.00;0.00;0.00;0.00
2022-06-14;0.00;0.00;0.00;0.00;0.00;0.00;0.00
2022-06-15;0.00;0.00;0.00;0.00;0.00;0.00;0.00
2022-06-16;0.00;0.00;0.00;0.00;0.00;0.00;0.00
2022-06-17;0.00;0.00;0.00;0.00;0.00;0.00;0.00
2022-06-18;0.00;0.00;0.00;0.00;0.00;0.00;0.00
2022-06-19;0.00;0.00;0.00;0.00;0.00;0.00;0.00
2022-06-20;0.00;0.00;0.00;0.00;0.00;0.00;0.00
2022-06-21;0.00;0.00;0.00;0.00;0.00;0.00;0.00
2022-06-22;0.00;0.00;0.00;0.00;0.00;0.00;0.00
2022-06-23;0.00;0.00;0.00;0.00;0.00;0.00;0.00
2022-06-24;0.00;0.00;0.00;0.00;0.00;0.00;0.00
2022-06-25;0.00;0.00;0.00;0.00;0.00;0.00;0.00
2022-06-26;0.00;0.00;0.00;0.00;0.00;0.00;0.00
2022-06-27;0.00;0.00;0.00;0.00;0.00;0.00;0.00
2022-06-28;0.00;0.00;0.00;0.00;0.00;0.00;0.00
2022-06-29;0.00;0.00;0.00;0.00;0.00;0.00;0.00
2022-06-30;0.00;0.00;0.00;0.00;0.00;0.00;0.00
2022-07-01;0.00;0.00;0.00;0.00;0.00;0.00;0.00
2022-07-02;0.00;0.00;0.00;0.00;0.00;0.00;0.00
2022-07-03;0.00;0.00;0.00;0.00;0.00;0.00;0.00
2022-07-04;0.00;0.00;0.00;0.00;0.00;0.00;0.06
2022-07-05;0.00;0.00;0.00;0.00;0.00;0.06;0.00
2022-07-06;0.00;0.00;0.00;0.00;0.06;0.00;0.00
2022-07-07;0.00;0.00;0.00;0.06;0.00;0.00;0.00
2022-07-08;0.00;0.00;0.06;0.00;0.00;0.00;0.00
2022-07-09;0.00;0.06;0.00;0.00;0.00;0.00;0.00
2022-07-10;0.06;0.00;0.00;0.00;0.00;0.00;0.00
2022-07-11;0.00;0.00;0.00;0.00;0.00;0.00;0.00
2022-07-12;0.00;0.00;0.00;0.00;0.00;0.00;0.00
2022-07-13;0.00;0.00;0.00;0.00;0.00;0.00;0.00
2022-07-14;0.00;0.00;0.00;0.00;0.00;0.00;0.00
2022-07-15;0.00;0.00;0.00;0.00;0.00;0.00;0.00
2022-07-16;0.00;0.00;0.00;0.00;0.00;0.00;0.00
2022-07-17;0.00;0.00;0.00;0.00;0.00;0.00;0.00
2022-07-18;0.00;0.00;0.00;0.00;0.00;0.00;0.00
2022-07-19;0.00;0.00;0.00;0.00;0.00;0.00;0.00
2022-07-20;0.00;0.00;0.00;0.00;0.00;0.00;0.00
2022-07-21;0.00;0.00;0.00;0.00;0.00;0.00;0.00
2022-07-22;0.00;0.00;0.00;0.00;0.00;0.00;0.00
2022-07-23;0.00;0.00;0.00;0.00;0.00;0.00;5.54
2022-07-24;0.00;0.00;0.00;0.00;0.00;5.54;0.00
2022-07-25;0.00;0.00;0.00;0.00;5.54;0.00;0.00
2022-07-26;0.00;0.00;0.00;5.54;0.00;0.00;0.00
2022-07-27;0.00;0.00;5.54;0.00;0.00;0.00;0.00
2022-07-28;0.00;5.54;0.00;0.00;0.00;0.00;0.00
2022-07-29;5.54;0.00;0.00;0.00;0.00;0.00;0.00
2022-07-30;0.00;0.00;0.00;0.00;0.00;0.00;0.00
2022-07-31;0.00;0.00;0.00;0.00;0.00;0.00;0.00
2022-08-01;0.00;0.00;0.00;0.00;0.00;0.00;0.00
2022-08-02;0.00;0.00;0.00;0.00;0.00;0.00;12.59
2022-08-03;0.00;0.00;0.00;0.00;0.00;12.59;7.65
2022-08-04;0.00;0.00;0.00;0.00;12.59;7.65;6.66
2022-08-05;0.00;0.00;0.00;12.59;7.65;6.66;0.34
2022-08-06;0.00;0.00;12.59;7.65;6.66;0.34;0.00
2022-08-07;0.00;12.59;7.65;6.66;0.34;0.00;0.00
2022-08-08;12.59;7.65;6.66;0.34;0.00;0.00;0.00
2022-08-09;7.65;6.66;0.34;0.00;0.00;0.00;0.00
2022-08-10;6.66;0.34;0.00;0.00;0.00;0.00;0.00
2022-08-11;0.34;0.00;0.00;0.00;0.00;0.00;0.00
2022-08-12;0.00;0.00;0.00;0.00;0.00;0.00;0.00
2022-08-13;0.00;0.00;0.00;0.00;0.00;0.00;0.00
2022-08-14;0.00;0.00;0.00;0.00;0.00;0.00;0.00
2022-08-15;0.00;0.00;0.00;0.00;0.00;0.00;0.00
2022-08-16;0.00;0.00;0.00;0.00;0.00;0.00;0.00
2022-08-17;0.00;0.00;0.00;0.00;0.00;0.00;0.00
2022-08-18;0.00;0.00;0.00;0.00;0.00;0.00;0.00
2022-08-19;0.00;0.00;0.00;0.00;0.00;0.00;0.00
2022-08-20;0.00;0.00;0.00;0.00;0.00;0.00;0.00
2022-08-21;0.00;0.00;0.00;0.00;0.00;0.00;0.00
2022-08-22;0.00;0.00;0.00;0.00;0.00;0.00;0.00
2022-08-23;0.00;0.00;0.00;0.00;0.00;0.00;0.00
2022-08-24;0.00;0.00;0.00;0.00;0.00;0.00;0.00
2022-08-25;0.00;0.00;0.00;0.00;0.00;0.00;0.00
2022-08-26;0.00;0.00;0.00;0.00;0.00;0.00;0.00
2022-08-27;0.00;0.00;0.00;0.00;0.00;0.00;0.00
2022-08-28;0.00;0.00;0.00;0.00;0.00;0.00;0.00
2022-08-29;0.00;0.00;0.00;0.00;0.00;0.00;5.55
2022-08-30;0.00;0.00;0.00;0.00;0.00;5.55;0.00
2022-08-31;0.00;0.00;0.00;0.00;5.55;0.00;0.03
2022-09-01;0.00;0.00;0.00;5.55;0.00;0.03;0.00
2022-09-02;0.00;0.00;5.55;0.00;0.03;0.00;0.00
2022-09-03;0.00;5.55;0.00;0.03;0.00;0.00;0.00
2022-09-04;5.55;0.00;0.03;0.00;0.00;0.00;0.00
2022-09-05;0.00;0.03;0.00;0.00;0.00;0.00;0.00
2022-09-06;0.03;0.00;0.00;0.00;0.00;0.00;0.00
2022-09-07;0.00;0.00;0.00;0.00;0.00;0.00;2.87
2022-09-08;0.00;0.00;0.00;0.00;0.00;2.87;4.50
2022-09-09;0.00;0.00;0.00;0.00;2.87;4.50;0.72
2022-09-10;0.00;0.00;0.00;2.87;4.50;0.72;0.00
2022-09-11;0.00;0.00;2.87;4.50;0.72;0.00;0.00
2022-09-12;0.00;2.87;4.50;0.72;0.00;0.00;0.00
2022-09-13;2.87;4.50;0.72;0.00;0.00;0.00;0.00
2022-09-14;4.50;0.72;0.00;0.00;0.00;0.00;0.00
2022-09-15;0.72;0.00;0.00;0.00;0.00;0.00;5.80
2022-09-16;0.00;0.00;0.00;0.00;0.00;5.80;0.47
2022-09-17;0.00;0.00;0.00;0.00;5.80;0.47;0.00
2022-09-18;0.00;0.00;0.00;5.80;0.47;0.00;0.00
2022-09-19;0.00;0.00;5.80;0.47;0.00;0.00;0.00
2022-09-20;0.00;5.80;0.47;0.00;0.00;0.00;24.76
2022-09-21;5.80;0.47;0.00;0.00;0.00;24.76;17.74
2022-09-22;0.47;0.00;0.00;0.00;24.76;17.74;16.90
2022-09-23;0.00;0.00;0.00;24.76;17.74;16.90;0.00
2022-09-24;0.00;0.00;24.76;17.74;16.90;0.00;14.22
2022-09-25;0.00;24.76;17.74;16.90;0.00;14.22;0.00
2022-09-26;24.76;17.74;16.90;0.00;14.22;0.00;0.00
2022-09-27;17.74;16.90;0.00;14.22;0.00;0.00;0.05
2022-09-28;16.90;0.00;14.22;0.00;0.00;0.05;0.00
2022-09-29;0.00;14.22;0.00;0.00;0.05;0.00;0.00
2022-09-30;14.22;0.00;0.00;0.05;0.00;0.00;9.08
2022-10-01;0.00;0.00;0.05;0.00;0.00;9.08;8.22
2022-10-02;0.00;0.05;0.00;0.00;9.08;8.22;0.00
2022-10-03;0.05;0.00;0.00;9.08;8.22;0.00;3.03
2022-10-04;0.00;0.00;9.08;8.22;0.00;3.03;3.26
2022-10-05;0.00;9.08;8.22;0.00;3.03;3.26;0.00
2022-10-06;9.08;8.22;0.00;3.03;3.26;0.00;0.59
2022-10-07;8.22;0.00;3.03;3.26;0.00;0.59;0.00
2022-10-08;0.00;3.03;3.26;0.00;0.59;0.00;0.00
2022-10-09;3.03;3.26;0.00;0.59;0.00;0.00;0.00
2022-10-10;3.26;0.00;0.59;0.00;0.00;0.00;0.06
2022-10-11;0.00;0.59;0.00;0.00;0.00;0.06;0.00
2022-10-12;0.59;0.00;0.00;0.00;0.06;0.00;0.34
2022-10-13;0.00;0.00;0.00;0.06;0.00;0.34;2.75
2022-10-14;0.00;0.00;0.06;0.00;0.34;2.75;3.02
2022-10-15;0.00;0.06;0.00;0.34;2.75;3.02;8.89
2022-10-16;0.06;0.00;0.34;2.75;3.02;8.89;0.30
2022-10-17;0.00;0.34;2.75;3.02;8.89;0.30;0.00
2022-10-18;0.34;2.75;3.02;8.89;0.30;0.00;0.00
2022-10-19;2.75;3.02;8.89;0.30;0.00;0.00;0.00
2022-10-20;3.02;8.89;0.30;0.00;0.00;0.00;0.00
2022-10-21;8.89;0.30;0.00;0.00;0.00;0.00;3.25
2022-10-22;0.30;0.00;0.00;0.00;0.00;3.25;0.75
2022-10-23;0.00;0.00;0.00;0.00;3.25;0.75;14.56
2022-10-24;0.00;0.00;0.00;3.25;0.75;14.56;4.55
2022-10-25;0.00;0.00;3.25;0.75;14.56;4.55;22.79
2022-10-26;0.00;3.25;0.75;14.56;4.55;22.79;0.00
2022-10-27;3.25;0.75;14.56;4.55;22.79;0.00;0.10
2022-10-28;0.75;14.56;4.55;22.79;0.00;0.10;0.00
2022-10-29;14.56;4.55;22.79;0.00;0.10;0.00;0.00
2022-10-30;4.55;22.79;0.00;0.10;0.00;0.00;0.00
2022-10-31;22.79;0.00;0.10;0.00;0.00;0.00;0.00
2022-11-01;0.00;0.10;0.00;0.00;0.00;0.00;5.59
2022-11-02;0.10;0.00;0.00;0.00;0.00;5.59;0.00
2022-11-03;0.00;0.00;0.00;0.00;5.59;0.00;0.02
2022-11-04;0.00;0.00;0.00;5.59;0.00;0.02;0.00
2022-11-05;0.00;0.00;5.59;0.00;0.02;0.00;12.87
2022-11-06;0.00;5.59;0.00;0.02;0.00;12.87;0.00
2022-11-07;5.59;0.00;0.02;0.00;12.87;0.00;0.29
2022-11-08;0.00;0.02;0.00;12.87;0.00;0.29;13.67
2022-11-09;0.02;0.00;12.87;0.00;0.29;13.67;0.92
2022-11-10;0.00;12.87;0.00;0.29;13.67;0.92;0.00
2022-11-11;12.87;0.00;0.29;13.67;0.92;0.00;0.00
2022-11-12;0.00;0.29;13.67;0.92;0.00;0.00;0.00
2022-11-13;0.29;13.67;0.92;0.00;0.00;0.00;0.01
2022-11-14;13.67;0.92;0.00;0.00;0.00;0.01;22.03
2022-11-15;0.92;0.00;0.00;0.00;0.01;22.03;0.00
2022-11-16;0.00;0.00;0.00;0.01;22.03;0.00;12.77
2022-11-17;0.00;0.00;0.01;22.03;0.00;12.77;32.45
2022-11-18;0.00;0.01;22.03;0.00;12.77;32.45;0.40
2022-11-19;0.01;22.03;0.00;12.77;32.45;0.40;0.00
2022-11-20;22.03;0.00;12.77;32.45;0.40;0.00;0.19
2022-11-21;0.00;12.77;32.45;0.40;0.00;0.19;2.58
2022-11-22;12.77;32.45;0.40;0.00;0.19;2.58;16.91
2022-11-23;32.45;0.40;0.00;0.19;2.58;16.91;5.48
2022-11-24;0.40;0.00;0.19;2.58;16.91;5.48;3.42
2022-11-25;0.00;0.19;2.58;16.91;5.48;3.42;0.52
2022-11-26;0.19;2.58;16.91;5.48;3.42;0.52;0.45
2022-11-27;2.58;16.91;5.48;3.42;0.52;0.45;8.01
2022-11-28;16.91;5.48;3.42;0.52;0.45;8.01;4.32
2022-11-29;5.48;3.42;0.52;0.45;8.01;4.32;13.11
2022-11-30;3.42;0.52;0.45;8.01;4.32;13.11;18.98
2022-12-01;0.52;0.45;8.01;4.32;13.11;18.98;13.45
2022-12-02;0.45;8.01;4.32;13.11;18.98;13.45;0.00
2022-12-03;8.01;4.32;13.11;18.98;13.45;0.00;0.00
2022-12-04;4.32;13.11;18.98;13.45;0.00;0.00;0.00
2022-12-05;13.11;18.98;13.45;0.00;0.00;0.00;4.71
2022-12-06;18.98;13.45;0.00;0.00;0.00;4.71;6.08
2022-12-07;13.45;0.00;0.00;0.00;4.71;6.08;5.95
2022-12-08;0.00;0.00;0.00;4.71;6.08;5.95;0.00
2022-12-09;0.00;0.00;4.71;6.08;5.95;0.00;0.00
2022-12-10;0.00;4.71;6.08;5.95;0.00;0.00;5.25
2022-12-11;4.71;6.08;5.95;0.00;0.00;5.25;0.00
2022-12-12;6.08;5.95;0.00;0.00;5.25;0.00;0.00
2022-12-13;5.95;0.00;0.00;5.25;0.00;0.00;1.27
2022-12-14;0.00;0.00;5.25;0.00;0.00;1.27;0.43
2022-12-15;0.00;5.25;0.00;0.00;1.27;0.43;0.00
2022-12-16;5.25;0.00;0.00;1.27;0.43;0.00;0.00
2022-12-17;0.00;0.00;1.27;0.43;0.00;0.00;0.52
2022-12-18;0.00;1.27;0.43;0.00;0.00;0.52;6.80
2022-12-19;1.27;0.43;0.00;0.00;0.52;6.80;6.08
2022-12-20;0.43;0.00;0.00;0.52;6.80;6.08;8.91
2022-12-21;0.00;0.00;0.52;6.80;6.08;8.91;5.99
2022-12-22;0.00;0.52;6.80;6.08;8.91;5.99;43.65
2022-12-23;0.52;6.80;6.08;8.91;5.99;43.65;6.21
2022-12-24;6.80;6.08;8.91;5.99;43.65;6.21;25.41
2022-12-25;6.08;8.91;5.99;43.65;6.21;25.41;4.77
2022-12-26;8.91;5.99;43.65;6.21;25.41;4.77;0.77
2022-12-27;5.99;43.65;6.21;25.41;4.77;0.77;0.00
2022-12-28;43.65;6.21;25.41;4.77;0.77;0.00;3.60
2022-12-29;6.21;25.41;4.77;0.77;0.00;3.60;34.35
2022-12-30;25.41;4.77;0.77;0.00;3.60;34.35;5.84
2022-12-31;4.77;0.77;0.00;3.60;34.35;5.84;0.50
2023-01-01;0.77;0.00;3.60;34.35;5.84;0.50;0.00
2023-01-02;0.00;3.60;34.35;5.84;0.50;0.00;0.41
2023-01-03;3.60;34.35;5.84;0.50;0.00;0.41;0.25
2023-01-04;34.35;5.84;0.50;0.00;0.41;0.25;0.25
2023-01-05;5.84;0.50;0.00;0.41;0.25;0.25;1.09
2023-01-06;0.50;0.00;0.41;0.25;0.25;1.09;0.29
2023-01-07;0.00;0.41;0.25;0.25;1.09;0.29;4.67
2023-01-08;0.41;0.25;0.25;1.09;0.29;4.67;8.85
2023-01-09;0.25;0.25;1.09;0.29;4.67;8.85;0.00
2023-01-10;0.25;1.09;0.29;4.67;8.85;0.00;1.19
2023-01-11;1.09;0.29;4.67;8.85;0.00;1.19;0.00
2023-01-12;0.29;4.67;8.85;0.00;1.19;0.00;14.24
2023-01-13;4.67;8.85;0.00;1.19;0.00;14.24;3.53
2023-01-14;8.85;0.00;1.19;0.00;14.24;3.53;3.54
2023-01-15;0.00;1.19;0.00;14.24;3.53;3.54;0.00
2023-01-16;1.19;0.00;14.24;3.53;3.54;0.00;0.00
2023-01-17;0.00;14.24;3.53;3.54;0.00;0.00;11.63
2023-01-18;14.24;3.53;3.54;0.00;0.00;11.63;0.07
2023-01-19;3.53;3.54;0.00;0.00;11.63;0.07;0.00
2023-01-20;3.54;0.00;0.00;11.63;0.07;0.00;0.00
2023-01-21;0.00;0.00;11.63;0.07;0.00;0.00;0.00
2023-01-22;0.00;11.63;0.07;0.00;0.00;0.00;7.36
2023-01-23;11.63;0.07;0.00;0.00;0.00;7.36;0.67
2023-01-24;0.07;0.00;0.00;0.00;7.36;0.67;5.91
2023-01-25;0.00;0.00;0.00;7.36;0.67;5.91;6.91
2023-01-26;0.00;0.00;7.36;0.67;5.91;6.91;55.97
2023-01-27;0.00;7.36;0.67;5.91;6.91;55.97;1.66
2023-01-28;7.36;0.67;5.91;6.91;55.97;1.66;8.94
2023-01-29;0.67;5.91;6.91;55.97;1.66;8.94;3.21
2023-01-30;5.91;6.91;55.97;1.66;8.94;3.21;3.00
2023-01-31;6.91;55.97;1.66;8.94;3.21;3.00;6.19
2023-02-01;55.97;1.66;8.94;3.21;3.00;6.19;8.53
2023-02-02;1.66;8.94;3.21;3.00;6.19;8.53;0.00
2023-02-03;8.94;3.21;3.00;6.19;8.53;0.00;0.00
2023-02-04;3.21;3.00;6.19;8.53;0.00;0.00;14.30
2023-02-05;3.00;6.19;8.53;0.00;0.00;14.30;1.68
2023-02-06;6.19;8.53;0.00;0.00;14.30;1.68;0.07
2023-02-07;8.53;0.00;0.00;14.30;1.68;0.07;2.74
2023-02-08;0.00;0.00;14.30;1.68;0.07;2.74;0.12
2023-02-09;0.00;14.30;1.68;0.07;2.74;0.12;0.09
2023-02-10;14.30;1.68;0.07;2.74;0.12;0.09;1.67
2023-02-11;1.68;0.07;2.74;0.12;0.09;1.67;0.60
2023-02-12;0.07;2.74;0.12;0.09;1.67;0.60;4.72
2023-02-13;2.74;0.12;0.09;1.67;0.60;4.72;9.21
2023-02-14;0.12;0.09;1.67;0.60;4.72;9.21;0.06
2023-02-15;0.09;1.67;0.60;4.72;9.21;0.06;17.47
2023-02-16;1.67;0.60;4.72;9.21;0.06;17.47;4.41
2023-02-17;0.60;4.72;9.21;0.06;17.47;4.41;27.00
2023-02-18;4.72;9.21;0.06;17.47;4.41;27.00;1.49
2023-02-19;9.21;0.06;17.47;4.41;27.00;1.49;0.00
2023-02-20;0.06;17.47;4.41;27.00;1.49;0.00;0.00
2023-02-21;17.47;4.41;27.00;1.49;0.00;0.00;0.88
2023-02-22;4.41;27.00;1.49;0.00;0.00;0.88;10.19
2023-02-23;27.00;1.49;0.00;0.00;0.88;10.19;0.00
2023-02-24;1.49;0.00;0.00;0.88;10.19;0.00;1.27
2023-02-25;0.00;0.00;0.88;10.19;0.00;1.27;0.14
2023-02-26;0.00;0.88;10.19;0.00;1.27;0.14;8.82
2023-02-27;0.88;10.19;0.00;1.27;0.14;8.82;3.67
2023-02-28;10.19;0.00;1.27;0.14;8.82;3.67;4.83
2023-03-01;0.00;1.27;0.14;8.82;3.67;4.83;10.82
2023-03-02;1.27;0.14;8.82;3.67;4.83;10.82;11.36
2023-03-03;0.14;8.82;3.67;4.83;10.82;11.36;0.01
2023-03-04;8.82;3.67;4.83;10.82;11.36;0.01;11.36
2023-03-05;3.67;4.83;10.82;11.36;0.01;11.36;4.05
2023-03-06;4.83;10.82;11.36;0.01;11.36;4.05;9.68
2023-03-07;10.82;11.36;0.01;11.36;4.05;9.68;19.44
2023-03-08;11.36;0.01;11.36;4.05;9.68;19.44;4.75
2023-03-09;0.01;11.36;4.05;9.68;19.44;4.75;0.00
2023-03-10;11.36;4.05;9.68;19.44;4.75;0.00;0.00
2023-03-11;4.05;9.68;19.44;4.75;0.00;0.00;0.00
2023-03-12;9.68;19.44;4.75;0.00;0.00;0.00;0.00
2023-03-13;19.44;4.75;0.00;0.00;0.00;0.00;0.00
2023-03-14;4.75;0.00;0.00;0.00;0.00;0.00;14.75
2023-03-15;0.00;0.00;0.00;0.00;0.00;14.75;0.00
2023-03-16;0.00;0.00;0.00;0.00;14.75;0.00;0.00
2023-03-17;0.00;0.00;0.00;14.75;0.00;0.00;0.00
2023-03-18;0.00;0.00;14.75;0.00;0.00;0.00;0.00
2023-03-19;0.00;14.75;0.00;0.00;0.00;0.00;0.00
2023-03-20;14.75;0.00;0.00;0.00;0.00;0.00;0.08
2023-03-21;0.00;0.00;0.00;0.00;0.00;0.08;0.97
2023-03-22;0.00;0.00;0.00;0.00;0.08;0.97;0.05
2023-03-23;0.00;0.00;0.00;0.08;0.97;0.05;0.89
2023-03-24;0.00;0.00;0.08;0.97;0.05;0.89;0.00
2023-03-25;0.00;0.08;0.97;0.05;0.89;0.00;3.23
2023-03-26;0.08;0.97;0.05;0.89;0.00;3.23;0.00
2023-03-27;0.97;0.05;0.89;0.00;3.23;0.00;0.04
2023-03-28;0.05;0.89;0.00;3.23;0.00;0.04;0.00
2023-03-29;0.89;0.00;3.23;0.00;0.04;0.00;0.00
2023-03-30;0.00;3.23;0.00;0.04;0.00;0.00;0.00
2023-03-31;3.23;0.00;0.04;0.00;0.00;0.00;0.00
2023-04-01;0.00;0.04;0.00;0.00;0.00;0.00;2.80
2023-04-02;0.04;0.00;0.00;0.00;0.00;2.80;0.97
2023-04-03;0.00;0.00;0.00;0.00;2.80;0.97;0.01
2023-04-04;0.00;0.00;0.00;2.80;0.97;0.01;0.00
2023-04-05;0.00;0.00;2.80;0.97;0.01;0.00;0.00
2023-04-06;0.00;2.80;0.97;0.01;0.00;0.00;0.35
2023-04-07;2.80;0.97;0.01;0.00;0.00;0.35;0.00
2023-04-08;0.97;0.01;0.00;0.00;0.35;0.00;11.96
2023-04-09;0.01;0.00;0.00;0.35;0.00;11.96;0.05
2023-04-10;0.00;0.00;0.35;0.00;11.96;0.05;0.00
2023-04-11;0.00;0.35;0.00;11.96;0.05;0.00;19.17
2023-04-12;0.35;0.00;11.96;0.05;0.00;19.17;12.07
2023-04-13;0.00;11.96;0.05;0.00;19.17;12.07;15.24
2023-04-14;11.96;0.05;0.00;19.17;12.07;15.24;0.00
2023-04-15;0.05;0.00;19.17;12.07;15.24;0.00;0.00
2023-04-16;0.00;19.17;12.07;15.24;0.00;0.00;0.00
2023-04-17;19.17;12.07;15.24;0.00;0.00;0.00;0.00
2023-04-18;12.07;15.24;0.00;0.00;0.00;0.00;0.00
2023-04-19;15.24;0.00;0.00;0.00;0.00;0.00;0.00
2023-04-20;0.00;0.00;0.00;0.00;0.00;0.00;0.11
2023-04-21;0.00;0.00;0.00;0.00;0.00;0.11;1.13
2023-04-22;0.00;0.00;0.00;0.00;0.11;1.13;2.85
2023-04-23;0.00;0.00;0.00;0.11;1.13;2.85;0.00
2023-04-24;0.00;0.00;0.11;1.13;2.85;0.00;0.00
2023-04-25;0.00;0.11;1.13;2.85;0.00;0.00;0.15
2023-04-26;0.11;1.13;2.85;0.00;0.00;0.15;4.95
2023-04-27;1.13;2.85;0.00;0.00;0.15;4.95;0.00
2023-04-28;2.85;0.00;0.00;0.15;4.95;0.00;0.00
2023-04-29;0.00;0.00;0.15;4.95;0.00;0.00;0.00
2023-04-30;0.00;0.15;4.95;0.00;0.00;0.00;0.00
2023-05-01;0.15;4.95;0.00;0.00;0.00;0.00;0.00
2023-05-02;4.95;0.00;0.00;0.00;0.00;0.00;0.00
2023-05-03;0.00;0.00;0.00;0.00;0.00;0.00;0.00
2023-05-04;0.00;0.00;0.00;0.00;0.00;0.00;1.40
2023-05-05;0.00;0.00;0.00;0.00;0.00;1.40;0.00
2023-05-06;0.00;0.00;0.00;0.00;1.40;0.00;0.00
2023-05-07;0.00;0.00;0.00;1.40;0.00;0.00;0.00
2023-05-08;0.00;0.00;1.40;0.00;0.00;0.00;0.00
2023-05-09;0.00;1.40;0.00;0.00;0.00;0.00;0.00
2023-05-10;1.40;0.00;0.00;0.00;0.00;0.00;0.00
2023-05-11;0.00;0.00;0.00;0.00;0.00;0.00;0.00
2023-05-12;0.00;0.00;0.00;0.00;0.00;0.00;0.00
2023-05-13;0.00;0.00;0.00;0.00;0.00;0.00;0.00
2023-05-14;0.00;0.00;0.00;0.00;0.00;0.00;0.00
2023-05-15;0.00;0.00;0.00;0.00;0.00;0.00;0.00
2023-05-16;0.00;0.00;0.00;0.00;0.00;0.00;0.00
2023-05-17;0.00;0.00;0.00;0.00;0.00;0.00;0.00
2023-05-18;0.00;0.00;0.00;0.00;0.00;0.00;0.00
2023-05-19;0.00;0.00;0.00;0.00;0.00;0.00;0.00
2023-05-20;0.00;0.00;0.00;0.00;0.00;0.00;0.00
2023-05-21;0.00;0.00;0.00;0.00;0.00;0.00;0.00
2023-05-22;0.00;0.00;0.00;0.00;0.00;0.00;0.00
2023-05-23;0.00;0.00;0.00;0.00;0.00;0.00;0.00
2023-05-24;0.00;0.00;0.00;0.00;0.00;0.00;2.93
2023-05-25;0.00;0.00;0.00;0.00;0.00;2.93;22.32
2023-05-26;0.00;0.00;0.00;0.00;2.93;22.32;0.00
2023-05-27;0.00;0.00;0.00;2.93;22.32;0.00;0.00
2023-05-28;0.00;0.00;2.93;22.32;0.00;0.00;0.00
2023-05-29;0.00;2.93;22.32;0.00;0.00;0.00;0.03
2023-05-30;2.93;22.32;0.00;0.00;0.00;0.03;0.41
2023-05-31;22.32;0.00;0.00;0.00;0.03;0.41;0.00
2023-06-01;0.00;0.00;0.00;0.03;0.41;0.00;0.00
2023-06-02;0.00;0.00;0.03;0.41;0.00;0.00;0.00
2023-06-03;0.00;0.03;0.41;0.00;0.00;0.00;0.00
2023-06-04;0.03;0.41;0.00;0.00;0.00;0.00;0.00
2023-06-05;0.41;0.00;0.00;0.00;0.00;0.00;0.00
2023-06-06;0.00;0.00;0.00;0.00;0.00;0.00;0.00
2023-06-07;0.00;0.00;0.00;0.00;0.00;0.00;0.00
2023-06-08;0.00;0.00;0.00;0.00;0.00;0.00;17.07
2023-06-09;0.00;0.00;0.00;0.00;0.00;17.07;9.14
2023-06-10;0.00;0.00;0.00;0.00;17.07;9.14;0.00
2023-06-11;0.00;0.00;0.00;17.07;9.14;0.00;0.00
2023-06-12;0.00;0.00;17.07;9.14;0.00;0.00;0.00
2023-06-13;0.00;17.07;9.14;0.00;0.00;0.00;0.00
2023-06-14;17.07;9.14;0.00;0.00;0.00;0.00;0.00
2023-06-15;9.14;0.00;0.00;0.00;0.00;0.00;0.00
2023-06-16;0.00;0.00;0.00;0.00;0.00;0.00;0.00
2023-06-17;0.00;0.00;0.00;0.00;0.00;0.00;0.00
2023-06-18;0.00;0.00;0.00;0.00;0.00;0.00;0.00
2023-06-19;0.00;0.00;0.00;0.00;0.00;0.00;0.00
2023-06-20;0.00;0.00;0.00;0.00;0.00;0.00;0.00
2023-06-21;0.00;0.00;0.00;0.00;0.00;0.00;0.00
2023-06-22;0.00;0.00;0.00;0.00;0.00;0.00;0.00
2023-06-23;0.00;0.00;0.00;0.00;0.00;0.00;0.00
2023-06-24;0.00;0.00;0.00;0.00;0.00;0.00;0.00
2023-06-25;0.00;0.00;0.00;0.00;0.00;0.00;0.00
2023-06-26;0.00;0.00;0.00;0.00;0.00;0.00;0.00
2023-06-27;0.00;0.00;0.00;0.00;0.00;0.00;0.00
2023-06-28;0.00;0.00;0.00;0.00;0.00;0.00;0.00
2023-06-29;0.00;0.00;0.00;0.00;0.00;0.00;0.00
2023-06-30;0.00;0.00;0.00;0.00;0.00;0.00;0.00
2023-07-01;0.00;0.00;0.00;0.00;0.00;0.00;0.00
2023-07-02;0.00;0.00;0.00;0.00;0.00;0.00;0.00
2023-07-03;0.00;0.00;0.00;0.00;0.00;0.00;0.32
2023-07-04;0.00;0.00;0.00;0.00;0.00;0.32;0.32
2023-07-05;0.00;0.00;0.00;0.00;0.32;0.32;0.00
2023-07-06;0.00;0.00;0.00;0.32;0.32;0.00;0.00
2023-07-07;0.00;0.00;0.32;0.32;0.00;0.00;0.00
2023-07-08;0.00;0.32;0.32;0.00;0.00;0.00;0.00
2023-07-09;0.32;0.32;0.00;0.00;0.00;0.00;0.00
2023-07-10;0.32;0.00;0.00;0.00;0.00;0.00;0.00
2023-07-11;0.00;0.00;0.00;0.00;0.00;0.00;0.00
2023-07-12;0.00;0.00;0.00;0.00;0.00;0.00;0.00
2023-07-13;0.00;0.00;0.00;0.00;0.00;0.00;0.00
2023-07-14;0.00;0.00;0.00;0.00;0.00;0.00;0.00
2023-07-15;0.00;0.00;0.00;0.00;0.00;0.00;0.00
2023-07-16;0.00;0.00;0.00;0.00;0.00;0.00;0.00
2023-07-17;0.00;0.00;0.00;0.00;0.00;0.00;0.00
2023-07-18;0.00;0.00;0.00;0.00;0.00;0.00;0.00
2023-07-19;0.00;0.00;0.00;0.00;0.00;0.00;0.00
2023-07-20;0.00;0.00;0.00;0.00;0.00;0.00;0.00
2023-07-21;0.00;0.00;0.00;0.00;0.00;0.00;0.00
2023-07-22;0.00;0.00;0.00;0.00;0.00;0.00;0.00
2023-07-23;0.00;0.00;0.00;0.00;0.00;0.00;0.00
2023-07-24;0.00;0.00;0.00;0.00;0.00;0.00;0.00
2023-07-25;0.00;0.00;0.00;0.00;0.00;0.00;0.00
2023-07-26;0.00;0.00;0.00;0.00;0.00;0.00;0.00
2023-07-27;0.00;0.00;0.00;0.00;0.00;0.00;0.00
2023-07-28;0.00;0.00;0.00;0.00;0.00;0.00;0.00
2023-07-29;0.00;0.00;0.00;0.00;0.00;0.00;0.00
2023-07-30;0.00;0.00;0.00;0.00;0.00;0.00;0.00
2023-07-31;0.00;0.00;0.00;0.00;0.00;0.00;0.00
2023-08-01;0.00;0.00;0.00;0.00;0.00;0.00;0.00
2023-08-02;0.00;0.00;0.00;0.00;0.00;0.00;0.00
2023-08-03;0.00;0.00;0.00;0.00;0.00;0.00;0.00
2023-08-04;0.00;0.00;0.00;0.00;0.00;0.00;0.01
2023-08-05;0.00;0.00;0.00;0.00;0.00;0.01;0.35
2023-08-06;0.00;0.00;0.00;0.00;0.01;0.35;0.10
2023-08-07;0.00;0.00;0.00;0.01;0.35;0.10;0.00
2023-08-08;0.00;0.00;0.01;0.35;0.10;0.00;0.00
2023-08-09;0.00;0.01;0.35;0.10;0.00;0.00;0.00
2023-08-10;0.01;0.35;0.10;0.00;0.00;0.00;0.00
2023-08-11;0.35;0.10;0.00;0.00;0.00;0.00;0.00
2023-08-12;0.10;0.00;0.00;0.00;0.00;0.00;0.00
2023-08-13;0.00;0.00;0.00;0.00;0.00;0.00;0.00
2023-08-14;0.00;0.00;0.00;0.00;0.00;0.00;0.01
2023-08-15;0.00;0.00;0.00;0.00;0.00;0.01;0.00
2023-08-16;0.00;0.00;0.00;0.00;0.01;0.00;0.00
2023-08-17;0.00;0.00;0.00;0.01;0.00;0.00;0.00
2023-08-18;0.00;0.00;0.01;0.00;0.00;0.00;5.09
2023-08-19;0.00;0.01;0.00;0.00;0.00;5.09;0.12
2023-08-20;0.01;0.00;0.00;0.00;5.09;0.12;9.11
2023-08-21;0.00;0.00;0.00;5.09;0.12;9.11;4.54
2023-08-22;0.00;0.00;5.09;0.12;9.11;4.54;0.00
2023-08-23;0.00;5.09;0.12;9.11;4.54;0.00;0.00
2023-08-24;5.09;0.12;9.11;4.54;0.00;0.00;0.00
2023-08-25;0.12;9.11;4.54;0.00;0.00;0.00;0.00
2023-08-26;9.11;4.54;0.00;0.00;0.00;0.00;0.00
2023-08-27;4.54;0.00;0.00;0.00;0.00;0.00;13.24
2023-08-28;0.00;0.00;0.00;0.00;0.00;13.24;3.64
2023-08-29;0.00;0.00;0.00;0.00;13.24;3.64;0.00
2023-08-30;0.00;0.00;0.00;13.24;3.64;0.00;2.45
2023-08-31;0.00;0.00;13.24;3.64;0.00;2.45;0.00
2023-09-01;0.00;13.24;3.64;0.00;2.45;0.00;0.00
2023-09-02;13.24;3.64;0.00;2.45;0.00;0.00;0.00
2023-09-03;3.64;0.00;2.45;0.00;0.00;0.00;0.00
2023-09-04;0.00;2.45;0.00;0.00;0.00;0.00;0.00
2023-09-05;2.45;0.00;0.00;0.00;0.00;0.00;0.00
2023-09-06;0.00;0.00;0.00;0.00;0.00;0.00;0.00
2023-09-07;0.00;0.00;0.00;0.00;0.00;0.00;0.00
2023-09-08;0.00;0.00;0.00;0.00;0.00;0.00;4.84
2023-09-09;0.00;0.00;0.00;0.00;0.00;4.84;0.00
2023-09-10;0.00;0.00;0.00;0.00;4.84;0.00;0.00
2023-09-11;0.00;0.00;0.00;4.84;0.00;0.00;0.00
2023-09-12;0.00;0.00;4.84;0.00;0.00;0.00;1.48
2023-09-13;0.00;4.84;0.00;0.00;0.00;1.48;0.00
2023-09-14;4.84;0.00;0.00;0.00;1.48;0.00;0.00
2023-09-15;0.00;0.00;0.00;1.48;0.00;0.00;0.00
2023-09-16;0.00;0.00;1.48;0.00;0.00;0.00;0.00
2023-09-17;0.00;1.48;0.00;0.00;0.00;0.00;0.00
2023-09-18;1.48;0.00;0.00;0.00;0.00;0.00;0.00
2023-09-19;0.00;0.00;0.00;0.00;0.00;0.00;0.00
2023-09-20;0.00;0.00;0.00;0.00;0.00;0.00;0.00
2023-09-21;0.00;0.00;0.00;0.00;0.00;0.00;6.78
2023-09-22;0.00;0.00;0.00;0.00;0.00;6.78;0.00
2023-09-23;0.00;0.00;0.00;0.00;6.78;0.00;0.00
2023-09-24;0.00;0.00;0.00;6.78;0.00;0.00;0.00
2023-09-25;0.00;0.00;6.78;0.00;0.00;0.00;10.26
2023-09-26;0.00;6.78;0.00;0.00;0.00;10.26;0.00
2023-09-27;6.78;0.00;0.00;0.00;10.26;0.00;0.00
2023-09-28;0.00;0.00;0.00;10.26;0.00;0.00;11.32
2023-09-29;0.00;0.00;10.26;0.00;0.00;11.32;2.24
2023-09-30;0.00;10.26;0.00;0.00;11.32;2.24;0.00
2023-10-01;10.26;0.00;0.00;11.32;2.24;0.00;18.61
2023-10-02;0.00;0.00;11.32;2.24;0.00;18.61;11.76
2023-10-03;0.00;11.32;2.24;0.00;18.61;11.76;12.90
2023-10-04;11.32;2.24;0.00;18.61;11.76;12.90;0.00
2023-10-05;2.24;0.00;18.61;11.76;12.90;0.00;0.00
2023-10-06;0.00;18.61;11.76;12.90;0.00;0.00;22.44
2023-10-07;18.61;11.76;12.90;0.00;0.00;22.44;0.89
2023-10-08;11.76;12.90;0.00;0.00;22.44;0.89;0.00
2023-10-09;12.90;0.00;0.00;22.44;0.89;0.00;0.00
2023-10-10;0.00;0.00;22.44;0.89;0.00;0.00;5.17
2023-10-11;0.00;22.44;0.89;0.00;0.00;5.17;9.18
2023-10-12;22.44;0.89;0.00;0.00;5.17;9.18;0.00
2023-10-13;0.89;0.00;0.00;5.17;9.18;0.00;0.00
2023-10-14;0.00;0.00;5.17;9.18;0.00;0.00;0.00
2023-10-15;0.00;5.17;9.18;0.00;0.00;0.00;0.00
2023-10-16;5.17;9.18;0.00;0.00;0.00;0.00;0.00
2023-10-17;9.18;0.00;0.00;0.00;0.00;0.00;0.00
2023-10-18;0.00;0.00;0.00;0.00;0.00;0.00;0.00
2023-10-19;0.00;0.00;0.00;0.00;0.00;0.00;0.00
2023-10-20;0.00;0.00;0.00;0.00;0.00;0.00;0.00
2023-10-21;0.00;0.00;0.00;0.00;0.00;0.00;9.50
2023-10-22;0.00;0.00;0.00;0.00;0.00;9.50;5.72
2023-10-23;0.00;0.00;0.00;0.00;9.50;5.72;11.11
2023-10-24;0.00;0.00;0.00;9.50;5.72;11.11;0.00
2023-10-25;0.00;0.00;9.50;5.72;11.11;0.00;4.71
2023-10-26;0.00;9.50;5.72;11.11;0.00;4.71;0.00
2023-10-27;9.50;5.72;11.11;0.00;4.71;0.00;0.00
2023-10-28;5.72;11.11;0.00;4.71;0.00;0.00;11.17
2023-10-29;11.11;0.00;4.71;0.00;0.00;11.17;0.14
2023-10-30;0.00;4.71;0.00;0.00;11.17;0.14;0.00
2023-10-31;4.71;0.00;0.00;11.17;0.14;0.00;0.00
2023-11-01;0.00;0.00;11.17;0.14;0.00;0.00;0.00
2023-11-02;0.00;11.17;0.14;0.00;0.00;0.00;0.00
2023-11-03;11.17;0.14;0.00;0.00;0.00;0.00;0.00
2023-11-04;0.14;0.00;0.00;0.00;0.00;0.00;1.23
2023-11-05;0.00;0.00;0.00;0.00;0.00;1.23;0.00
2023-11-06;0.00;0.00;0.00;0.00;1.23;0.00;0.00
2023-11-07;0.00;0.00;0.00;1.23;0.00;0.00;0.00
2023-11-08;0.00;0.00;1.23;0.00;0.00;0.00;0.50
2023-11-09;0.00;1.23;0.00;0.00;0.00;0.50;7.95
2023-11-10;1.23;0.00;0.00;0.00;0.50;7.95;1.23
2023-11-11;0.00;0.00;0.00;0.50;7.95;1.23;0.00
2023-11-12;0.00;0.00;0.50;7.95;1.23;0.00;0.00
2023-11-13;0.00;0.50;7.95;1.23;0.00;0.00;18.43
2023-11-14;0.50;7.95;1.23;0.00;0.00;18.43;0.00
2023-11-15;7.95;1.23;0.00;0.00;18.43;0.00;0.00
2023-11-16;1.23;0.00;0.00;18.43;0.00;0.00;0.00
2023-11-17;0.00;0.00;18.43;0.00;0.00;0.00;10.97
2023-11-18;0.00;18.43;0.00;0.00;0.00;10.97;0.00
2023-11-19;18.43;0.00;0.00;0.00;10.97;0.00;0.00
2023-11-20;0.00;0.00;0.00;10.97;0.00;0.00;0.00
2023-11-21;0.00;0.00;10.97;0.00;0.00;0.00;0.16
2023-11-22;0.00;10.97;0.00;0.00;0.00;0.16;17.39
2023-11-23;10.97;0.00;0.00;0.00;0.16;17.39;5.84
2023-11-24;0.00;0.00;0.00;0.16;17.39;5.84;0.00
2023-11-25;0.00;0.00;0.16;17.39;5.84;0.00;0.00
2023-11-26;0.00;0.16;17.39;5.84;0.00;0.00;0.00
2023-11-27;0.16;17.39;5.84;0.00;0.00;0.00;0.00
2023-11-28;17.39;5.84;0.00;0.00;0.00;0.00;1.99
2023-11-29;5.84;0.00;0.00;0.00;0.00;1.99;0.00
2023-11-30;0.00;0.00;0.00;0.00;1.99;0.00;0.77
2023-12-01;0.00;0.00;0.00;1.99;0.00;0.77;2.46
2023-12-02;0.00;0.00;1.99;0.00;0.77;2.46;1.08
2023-12-03;0.00;1.99;0.00;0.77;2.46;1.08;0.00
2023-12-04;1.99;0.00;0.77;2.46;1.08;0.00;10.56
2023-12-05;0.00;0.77;2.46;1.08;0.00;10.56;0.00
2023-12-06;0.77;2.46;1.08;0.00;10.56;0.00;0.00
2023-12-07;2.46;1.08;0.00;10.56;0.00;0.00;0.00
2023-12-08;1.08;0.00;10.56;0.00;0.00;0.00;0.00
2023-12-09;0.00;10.56;0.00;0.00;0.00;0.00;0.00
2023-12-10;10.56;0.00;0.00;0.00;0.00;0.00;0.08
2023-12-11;0.00;0.00;0.00;0.00;0.00;0.08;2.00
2023-12-12;0.00;0.00;0.00;0.00;0.08;2.00;0.00
2023-12-13;0.00;0.00;0.00;0.08;2.00;0.00;0.00
2023-12-14;0.00;0.00;0.08;2.00;0.00;0.00;0.00
2023-12-15;0.00;0.08;2.00;0.00;0.00;0.00;4.57
2023-12-16;0.08;2.00;0.00;0.00;0.00;4.57;5.71
2023-12-17;2.00;0.00;0.00;0.00;4.57;5.71;3.66
2023-12-18;0.00;0.00;0.00;4.57;5.71;3.66;0.00
2023-12-19;0.00;0.00;4.57;5.71;3.66;0.00;0.00
2023-12-20;0.00;4.57;5.71;3.66;0.00;0.00;1.22
2023-12-21;4.57;5.71;3.66;0.00;0.00;1.22;0.00
2023-12-22;5.71;3.66;0.00;0.00;1.22;0.00;0.00
2023-12-23;3.66;0.00;0.00;1.22;0.00;0.00;0.00
2023-12-24;0.00;0.00;1.22;0.00;0.00;0.00;0.00
2023-12-25;0.00;1.22;0.00;0.00;0.00;0.00;0.00
2023-12-26;1.22;0.00;0.00;0.00;0.00;0.00;0.00
2023-12-27;0.00;0.00;0.00;0.00;0.00;0.00;0.00
2023-12-28;0.00;0.00;0.00;0.00;0.00;0.00;11.59
2023-12-29;0.00;0.00;0.00;0.00;0.00;11.59;0.00
2023-12-30;0.00;0.00;0.00;0.00;11.59;0.00;0.00
2023-12-31;0.00;0.00;0.00;11.59;0.00;0.00;0.00
2024-01-01;0.00;0.00;11.59;0.00;0.00;0.00;0.01
2024-01-02;0.00;11.59;0.00;0.00;0.00;0.01;0.00
2024-01-03;11.59;0.00;0.00;0.00;0.01;0.00;2.45
2024-01-04;0.00;0.00;0.00;0.01;0.00;2.45;2.84
2024-01-05;0.00;0.00;0.01;0.00;2.45;2.84;1.50
2024-01-06;0.00;0.01;0.00;2.45;2.84;1.50;12.09
2024-01-07;0.01;0.00;2.45;2.84;1.50;12.09;0.42
2024-01-08;0.00;2.45;2.84;1.50;12.09;0.42;0.00
2024-01-09;2.45;2.84;1.50;12.09;0.42;0.00;5.51
2024-01-10;2.84;1.50;12.09;0.42;0.00;5.51;0.00
2024-01-11;1.50;12.09;0.42;0.00;5.51;0.00;0.00
2024-01-12;12.09;0.42;0.00;5.51;0.00;0.00;6.43
2024-01-13;0.42;0.00;5.51;0.00;0.00;6.43;8.06
2024-01-14;0.00;5.51;0.00;0.00;6.43;8.06;9.20
2024-01-15;5.51;0.00;0.00;6.43;8.06;9.20;0.02
2024-01-16;0.00;0.00;6.43;8.06;9.20;0.02;0.00
2024-01-17;0.00;6.43;8.06;9.20;0.02;0.00;9.04
2024-01-18;6.43;8.06;9.20;0.02;0.00;9.04;0.00
2024-01-19;8.06;9.20;0.02;0.00;9.04;0.00;0.00
2024-01-20;9.20;0.02;0.00;9.04;0.00;0.00;0.50
2024-01-21;0.02;0.00;9.04;0.00;0.00;0.50;0.00
2024-01-22;0.00;9.04;0.00;0.00;0.50;0.00;1.31
2024-01-23;9.04;0.00;0.00;0.50;0.00;1.31;1.47
2024-01-24;0.00;0.00;0.50;0.00;1.31;1.47;0.00
2024-01-25;0.00;0.50;0.00;1.31;1.47;0.00;6.81
2024-01-26;0.50;0.00;1.31;1.47;0.00;6.81;0.00
2024-01-27;0.00;1.31;1.47;0.00;6.81;0.00;0.54
2024-01-28;1.31;1.47;0.00;6.81;0.00;0.54;2.67
2024-01-29;1.47;0.00;6.81;0.00;0.54;2.67;11.46
2024-01-30;0.00;6.81;0.00;0.54;2.67;11.46;0.00
2024-01-31;6.81;0.00;0.54;2.67;11.46;0.00;0.00
2024-02-01;0.00;0.54;2.67;11.46;0.00;0.00;0.00
2024-02-02;0.54;2.67;11.46;0.00;0.00;0.00;0.00
2024-02-03;2.67;11.46;0.00;0.00;0.00;0.00;0.00
2024-02-04;11.46;0.00;0.00;0.00;0.00;0.00;0.00
2024-02-05;0.00;0.00;0.00;0.00;0.00;0.00;0.00
2024-02-06;0.00;0.00;0.00;0.00;0.00;0.00;0.00
2024-02-07;0.00;0.00;0.00;0.00;0.00;0.00;10.25
2024-02-08;0.00;0.00;0.00;0.00;0.00;10.25;12.38
2024-02-09;0.00;0.00;0.00;0.00;10.25;12.38;0.00
2024-02-10;0.00;0.00;0.00;10.25;12.38;0.00;0.00
2024-02-11;0.00;0.00;10.25;12.38;0.00;0.00;13.87
2024-02-12;0.00;10.25;12.38;0.00;0.00;13.87;20.04
2024-02-13;10.25;12.38;0.00;0.00;13.87;20.04;2.88
2024-02-14;12.38;0.00;0.00;13.87;20.04;2.88;0.00
2024-02-15;0.00;0.00;13.87;20.04;2.88;0.00;4.88
2024-02-16;0.00;13.87;20.04;2.88;0.00;4.88;0.00
2024-02-17;13.87;20.04;2.88;0.00;4.88;0.00;2.66
2024-02-18;20.04;2.88;0.00;4.88;0.00;2.66;10.30
2024-02-19;2.88;0.00;4.88;0.00;2.66;10.30;0.61
2024-02-20;0.00;4.88;0.00;2.66;10.30;0.61;0.00
2024-02-21;4.88;0.00;2.66;10.30;0.61;0.00;0.00
2024-02-22;0.00;2.66;10.30;0.61;0.00;0.00;0.22
2024-02-23;2.66;10.30;0.61;0.00;0.00;0.22;2.62
2024-02-24;10.30;0.61;0.00;0.00;0.22;2.62;4.12
2024-02-25;0.61;0.00;0.00;0.22;2.62;4.12;0.00
2024-02-26;0.00;0.00;0.22;2.62;4.12;0.00;0.00
2024-02-27;0.00;0.22;2.62;4.12;0.00;0.00;0.00
2024-02-28;0.22;2.62;4.12;0.00;0.00;0.00;7.77
2024-02-29;2.62;4.12;0.00;0.00;0.00;7.77;7.74
2024-03-01;4.12;0.00;0.00;0.00;7.77;7.74;0.00
2024-03-02;0.00;0.00;0.00;7.77;7.74;0.00;15.84
2024-03-03;0.00;0.00;7.77;7.74;0.00;15.84;7.69
2024-03-04;0.00;7.77;7.74;0.00;15.84;7.69;3.22
2024-03-05;7.77;7.74;0.00;15.84;7.69;3.22;0.00
2024-03-06;7.74;0.00;15.84;7.69;3.22;0.00;0.00
2024-03-07;0.00;15.84;7.69;3.22;0.00;0.00;0.00
2024-03-08;15.84;7.69;3.22;0.00;0.00;0.00;0.00
2024-03-09;7.69;3.22;0.00;0.00;0.00;0.00;0.00
2024-03-10;3.22;0.00;0.00;0.00;0.00;0.00;0.00
2024-03-11;0.00;0.00;0.00;0.00;0.00;0.00;1.69
2024-03-12;0.00;0.00;0.00;0.00;0.00;1.69;0.00
2024-03-13;0.00;0.00;0.00;0.00;1.69;0.00;0.00
2024-03-14;0.00;0.00;0.00;1.69;0.00;0.00;0.00
2024-03-15;0.00;0.00;1.69;0.00;0.00;0.00;9.02
2024-03-16;0.00;1.69;0.00;0.00;0.00;9.02;0.69
2024-03-17;1.69;0.00;0.00;0.00;9.02;0.69;1.92
2024-03-18;0.00;0.00;0.00;9.02;0.69;1.92;5.43
2024-03-19;0.00;0.00;9.02;0.69;1.92;5.43;0.00
2024-03-20;0.00;9.02;0.69;1.92;5.43;0.00;6.72
2024-03-21;9.02;0.69;1.92;5.43;0.00;6.72;6.97
2024-03-22;0.69;1.92;5.43;0.00;6.72;6.97;6.21
2024-03-23;1.92;5.43;0.00;6.72;6.97;6.21;0.00
2024-03-24;5.43;0.00;6.72;6.97;6.21;0.00;0.00
2024-03-25;0.00;6.72;6.97;6.21;0.00;0.00;0.00
2024-03-26;6.72;6.97;6.21;0.00;0.00;0.00;0.00
2024-03-27;6.97;6.21;0.00;0.00;0.00;0.00;0.00
2024-03-28;6.21;0.00;0.00;0.00;0.00;0.00;0.00
2024-03-29;0.00;0.00;0.00;0.00;0.00;0.00;0.00
2024-03-30;0.00;0.00;0.00;0.00;0.00;0.00;0.00
2024-03-31;0.00;0.00;0.00;0.00;0.00;0.00;0.00
2024-04-01;0.00;0.00;0.00;0.00;0.00;0.00;0.00
2024-04-02;0.00;0.00;0.00;0.00;0.00;0.00;0.00
2024-04-03;0.00;0.00;0.00;0.00;0.00;0.00;0.01
2024-04-04;0.00;0.00;0.00;0.00;0.00;0.01;0.00
2024-04-05;0.00;0.00;0.00;0.00;0.01;0.00;0.00
2024-04-06;0.00;0.00;0.00;0.01;0.00;0.00;2.37
2024-04-07;0.00;0.00;0.01;0.00;0.00;2.37;0.03
2024-04-08;0.00;0.01;0.00;0.00;2.37;0.03;0.00
2024-04-09;0.01;0.00;0.00;2.37;0.03;0.00;0.00
2024-04-10;0.00;0.00;2.37;0.03;0.00;0.00;0.07
2024-04-11;0.00;2.37;0.03;0.00;0.00;0.07;4.28
2024-04-12;2.37;0.03;0.00;0.00;0.07;4.28;0.00
2024-04-13;0.03;0.00;0.00;0.07;4.28;0.00;0.00
2024-04-14;0.00;0.00;0.07;4.28;0.00;0.00;0.00
2024-04-15;0.00;0.07;4.28;0.00;0.00;0.00;0.00
2024-04-16;0.07;4.28;0.00;0.00;0.00;0.00;0.00
2024-04-17;4.28;0.00;0.00;0.00;0.00;0.00;0.00
2024-04-18;0.00;0.00;0.00;0.00;0.00;0.00;0.00
2024-04-19;0.00;0.00;0.00;0.00;0.00;0.00;0.00
2024-04-20;0.00;0.00;0.00;0.00;0.00;0.00;0.00
2024-04-21;0.00;0.00;0.00;0.00;0.00;0.00;0.00
2024-04-22;0.00;0.00;0.00;0.00;0.00;0.00;0.00
2024-04-23;0.00;0.00;0.00;0.00;0.00;0.00;0.00
2024-04-24;0.00;0.00;0.00;0.00;0.00;0.00;0.00
2024-04-25;0.00;0.00;0.00;0.00;0.00;0.00;0.00
2024-04-26;0.00;0.00;0.00;0.00;0.00;0.00;0.00
2024-04-27;0.00;0.00;0.00;0.00;0.00;0.00;0.00
2024-04-28;0.00;0.00;0.00;0.00;0.00;0.00;0.00
2024-04-29;0.00;0.00;0.00;0.00;0.00;0.00;0.00
2024-04-30;0.00;0.00;0.00;0.00;0.00;0.00;0.00
2024-05-01;0.00;0.00;0.00;0.00;0.00;0.00;0.00
2024-05-02;0.00;0.00;0.00;0.00;0.00;0.00;0.00
2024-05-03;0.00;0.00;0.00;0.00;0.00;0.00;0.00
2024-05-04;0.00;0.00;0.00;0.00;0.00;0.00;0.00
2024-05-05;0.00;0.00;0.00;0.00;0.00;0.00;0.00
2024-05-06;0.00;0.00;0.00;0.00;0.00;0.00;0.00
2024-05-07;0.00;0.00;0.00;0.00;0.00;0.00;0.00
2024-05-08;0.00;0.00;0.00;0.00;0.00;0.00;0.00
2024-05-09;0.00;0.00;0.00;0.00;0.00;0.00;0.00
2024-05-10;0.00;0.00;0.00;0.00;0.00;0.00;0.00
2024-05-11;0.00;0.00;0.00;0.00;0.00;0.00;0.00
2024-05-12;0.00;0.00;0.00;0.00;0.00;0.00;0.00
2024-05-13;0.00;0.00;0.00;0.00;0.00;0.00;0.00
2024-05-14;0.00;0.00;0.00;0.00;0.00;0.00;0.00
2024-05-15;0.00;0.00;0.00;0.00;0.00;0.00;0.00
2024-05-16;0.00;0.00;0.00;0.00;0.00;0.00;0.00
2024-05-17;0.00;0.00;0.00;0.00;0.00;0.00;0.00
2024-05-18;0.00;0.00;0.00;0.00;0.00;0.00;1.07
2024-05-19;0.00;0.00;0.00;0.00;0.00;1.07;1.20
2024-05-20;0.00;0.00;0.00;0.00;1.07;1.20;3.41
2024-05-21;0.00;0.00;0.00;1.07;1.20;3.41;6.42
2024-05-22;0.00;0.00;1.07;1.20;3.41;6.42;0.00
2024-05-23;0.00;1.07;1.20;3.41;6.42;0.00;0.00
2024-05-24;1.07;1.20;3.41;6.42;0.00;0.00;0.00
2024-05-25;1.20;3.41;6.42;0.00;0.00;0.00;0.00
2024-05-26;3.41;6.42;0.00;0.00;0.00;0.00;0.00
2024-05-27;6.42;0.00;0.00;0.00;0.00;0.00;0.00
2024-05-28;0.00;0.00;0.00;0.00;0.00;0.00;0.00
2024-05-29;0.00;0.00;0.00;0.00;0.00;0.00;0.00
2024-05-30;0.00;0.00;0.00;0.00;0.00;0.00;0.00
2024-05-31;0.00;0.00;0.00;0.00;0.00;0.00;0.00
2024-06-01;0.00;0.00;0.00;0.00;0.00;0.00;0.00
2024-06-02;0.00;0.00;0.00;0.00;0.00;0.00;0.00
2024-06-03;0.00;0.00;0.00;0.00;0.00;0.00;0.00
2024-06-04;0.00;0.00;0.00;0.00;0.00;0.00;0.00
2024-06-05;0.00;0.00;0.00;0.00;0.00;0.00;0.00
2024-06-06;0.00;0.00;0.00;0.00;0.00;0.00;0.00
2024-06-07;0.00;0.00;0.00;0.00;0.00;0.00;0.00
2024-06-08;0.00;0.00;0.00;0.00;0.00;0.00;0.00
2024-06-09;0.00;0.00;0.00;0.00;0.00;0.00;0.00
2024-06-10;0.00;0.00;0.00;0.00;0.00;0.00;0.00
2024-06-11;0.00;0.00;0.00;0.00;0.00;0.00;0.00
2024-06-12;0.00;0.00;0.00;0.00;0.00;0.00;0.00
2024-06-13;0.00;0.00;0.00;0.00;0.00;0.00;0.00
2024-06-14;0.00;0.00;0.00;0.00;0.00;0.00;0.00
2024-06-15;0.00;0.00;0.00;0.00;0.00;0.00;0.00
2024-06-16;0.00;0.00;0.00;0.00;0.00;0.00;0.00
2024-06-17;0.00;0.00;0.00;0.00;0.00;0.00;0.00
2024-06-18;0.00;0.00;0.00;0.00;0.00;0.00;0.00
2024-06-19;0.00;0.00;0.00;0.00;0.00;0.00;0.00
2024-06-20;0.00;0.00;0.00;0.00;0.00;0.00;0.00
2024-06-21;0.00;0.00;0.00;0.00;0.00;0.00;0.00
2024-06-22;0.00;0.00;0.00;0.00;0.00;0.00;0.00
2024-06-23;0.00;0.00;0.00;0.00;0.00;0.00;0.00
2024-06-24;0.00;0.00;0.00;0.00;0.00;0.00;0.00
2024-06-25;0.00;0.00;0.00;0.00;0.00;0.00;0.00
2024-06-26;0.00;0.00;0.00;0.00;0.00;0.00;0.00
2024-06-27;0.00;0.00;0.00;0.00;0.00;0.00;0.00
2024-06-28;0.00;0.00;0.00;0.00;0.00;0.00;0.00
2024-06-29;0.00;0.00;0.00;0.00;0.00;0.00;0.00
2024-06-30;0.00;0.00;0.00;0.00;0.00;0.00;0.00
2024-07-01;0.00;0.00;0.00;0.00;0.00;0.00;0.00
2024-07-02;0.00;0.00;0.00;0.00;0.00;0.00;0.00
2024-07-03;0.00;0.00;0.00;0.00;0.00;0.00;2.75
2024-07-04;0.00;0.00;0.00;0.00;0.00;2.75;0.22
2024-07-05;0.00;0.00;0.00;0.00;2.75;0.22;0.00
2024-07-06;0.00;0.00;0.00;2.75;0.22;0.00;0.00
2024-07-07;0.00;0.00;2.75;0.22;0.00;0.00;0.00
2024-07-08;0.00;2.75;0.22;0.00;0.00;0.00;0.00
2024-07-09;2.75;0.22;0.00;0.00;0.00;0.00;0.00
2024-07-10;0.22;0.00;0.00;0.00;0.00;0.00;0.00
2024-07-11;0.00;0.00;0.00;0.00;0.00;0.00;0.00
2024-07-12;0.00;0.00;0.00;0.00;0.00;0.00;0.00
2024-07-13;0.00;0.00;0.00;0.00;0.00;0.00;0.00
2024-07-14;0.00;0.00;0.00;0.00;0.00;0.00;0.00
2024-07-15;0.00;0.00;0.00;0.00;0.00;0.00;0.00
2024-07-16;0.00;0.00;0.00;0.00;0.00;0.00;0.00
2024-07-17;0.00;0.00;0.00;0.00;0.00;0.00;0.00
2024-07-18;0.00;0.00;0.00;0.00;0.00;0.00;0.00
2024-07-19;0.00;0.00;0.00;0.00;0.00;0.00;0.00
2024-07-20;0.00;0.00;0.00;0.00;0.00;0.00;0.00
2024-07-21;0.00;0.00;0.00;0.00;0.00;0.00;0.00
2024-07-22;0.00;0.00;0.00;0.00;0.00;0.00;0.00
2024-07-23;0.00;0.00;0.00;0.00;0.00;0.00;0.00
2024-07-24;0.00;0.00;0.00;0.00;0.00;0.00;0.00
2024-07-25;0.00;0.00;0.00;0.00;0.00;0.00;0.00
2024-07-26;0.00;0.00;0.00;0.00;0.00;0.00;0.00
2024-07-27;0.00;0.00;0.00;0.00;0.00;0.00;0.00
2024-07-28;0.00;0.00;0.00;0.00;0.00;0.00;0.00
2024-07-29;0.00;0.00;0.00;0.00;0.00;0.00;0.00
2024-07-30;0.00;0.00;0.00;0.00;0.00;0.00;0.00
2024-07-31;0.00;0.00;0.00;0.00;0.00;0.00;0.00
2024-08-01;0.00;0.00;0.00;0.00;0.00;0.00;0.00
2024-08-02;0.00;0.00;0.00;0.00;0.00;0.00;0.00
2024-08-03;0.00;0.00;0.00;0.00;0.00;0.00;2.54
2024-08-04;0.00;0.00;0.00;0.00;0.00;2.54;6.45
2024-08-05;0.00;0.00;0.00;0.00;2.54;6.45;0.00
2024-08-06;0.00;0.00;0.00;2.54;6.45;0.00;0.00
2024-08-07;0.00;0.00;2.54;6.45;0.00;0.00;0.00
2024-08-08;0.00;2.54;6.45;0.00;0.00;0.00;0.00
2024-08-09;2.54;6.45;0.00;0.00;0.00;0.00;0.00
2024-08-10;6.45;0.00;0.00;0.00;0.00;0.00;0.00
2024-08-11;0.00;0.00;0.00;0.00;0.00;0.00;0.00
2024-08-12;0.00;0.00;0.00;0.00;0.00;0.00;0.00
2024-08-13;0.00;0.00;0.00;0.00;0.00;0.00;0.00
2024-08-14;0.00;0.00;0.00;0.00;0.00;0.00;0.00
2024-08-15;0.00;0.00;0.00;0.00;0.00;0.00;0.00
2024-08-16;0.00;0.00;0.00;0.00;0.00;0.00;0.00
2024-08-17;0.00;0.00;0.00;0.00;0.00;0.00;0.00
2024-08-18;0.00;0.00;0.00;0.00;0.00;0.00;0.25
2024-08-19;0.00;0.00;0.00;0.00;0.00;0.25;0.00
2024-08-20;0.00;0.00;0.00;0.00;0.25;0.00;0.00
2024-08-21;0.00;0.00;0.00;0.25;0.00;0.00;0.00
2024-08-22;0.00;0.00;0.25;0.00;0.00;0.00;0.00
2024-08-23;0.00;0.25;0.00;0.00;0.00;0.00;0.00
2024-08-24;0.25;0.00;0.00;0.00;0.00;0.00;0.00
2024-08-25;0.00;0.00;0.00;0.00;0.00;0.00;0.00
2024-08-26;0.00;0.00;0.00;0.00;0.00;0.00;0.00
2024-08-27;0.00;0.00;0.00;0.00;0.00;0.00;0.00
2024-08-28;0.00;0.00;0.00;0.00;0.00;0.00;0.00
2024-08-29;0.00;0.00;0.00;0.00;0.00;0.00;0.00
2024-08-30;0.00;0.00;0.00;0.00;0.00;0.00;0.00
2024-08-31;0.00;0.00;0.00;0.00;0.00;0.00;0.00
2024-09-01;0.00;0.00;0.00;0.00;0.00;0.00;0.00
2024-09-02;0.00;0.00;0.00;0.00;0.00;0.00;0.00
2024-09-03;0.00;0.00;0.00;0.00;0.00;0.00;0.00
2024-09-04;0.00;0.00;0.00;0.00;0.00;0.00;0.00
2024-09-05;0.00;0.00;0.00;0.00;0.00;0.00;0.00
2024-09-06;0.00;0.00;0.00;0.00;0.00;0.00;0.00
2024-09-07;0.00;0.00;0.00;0.00;0.00;0.00;0.00
2024-09-08;0.00;0.00;0.00;0.00;0.00;0.00;0.00
2024-09-09;0.00;0.00;0.00;0.00;0.00;0.00;0.00
2024-09-10;0.00;0.00;0.00;0.00;0.00;0.00;1.39
2024-09-11;0.00;0.00;0.00;0.00;0.00;1.39;0.00
2024-09-12;0.00;0.00;0.00;0.00;1.39;0.00;0.00
2024-09-13;0.00;0.00;0.00;1.39;0.00;0.00;0.00
2024-09-14;0.00;0.00;1.39;0.00;0.00;0.00;2.35
2024-09-15;0.00;1.39;0.00;0.00;0.00;2.35;0.00
2024-09-16;1.39;0.00;0.00;0.00;2.35;0.00;0.00
2024-09-17;0.00;0.00;0.00;2.35;0.00;0.00;0.00
2024-09-18;0.00;0.00;2.35;0.00;0.00;0.00;0.00
2024-09-19;0.00;2.35;0.00;0.00;0.00;0.00;0.00
2024-09-20;2.35;0.00;0.00;0.00;0.00;0.00;0.00
2024-09-21;0.00;0.00;0.00;0.00;0.00;0.00;0.00
2024-09-22;0.00;0.00;0.00;0.00;0.00;0.00;0.00
2024-09-23;0.00;0.00;0.00;0.00;0.00;0.00;0.00
2024-09-24;0.00;0.00;0.00;0.00;0.00;0.00;0.00
2024-09-25;0.00;0.00;0.00;0.00;0.00;0.00;0.00
2024-09-26;0.00;0.00;0.00;0.00;0.00;0.00;0.00
2024-09-27;0.00;0.00;0.00;0.00;0.00;0.00;0.00
2024-09-28;0.00;0.00;0.00;0.00;0.00;0.00;0.62
2024-09-29;0.00;0.00;0.00;0.00;0.00;0.62;0.00
2024-09-30;0.00;0.00;0.00;0.00;0.62;0.00;0.00
2024-10-01;0.00;0.00;0.00;0.62;0.00;0.00;0.00
2024-10-02;0.00;0.00;0.62;0.00;0.00;0.00;0.00
2024-10-03;0.00;0.62;0.00;0.00;0.00;0.00;0.00
2024-10-04;0.62;0.00;0.00;0.00;0.00;0.00;7.55
2024-10-05;0.00;0.00;0.00;0.00;0.00;7.55;4.60
2024-10-06;0.00;0.00;0.00;0.00;7.55;4.60;0.00
2024-10-07;0.00;0.00;0.00;7.55;4.60;0.00;0.00
2024-10-08;0.00;0.00;7.55;4.60;0.00;0.00;0.00
2024-10-09;0.00;7.55;4.60;0.00;0.00;0.00;0.00
2024-10-10;7.55;4.60;0.00;0.00;0.00;0.00;1.63
2024-10-11;4.60;0.00;0.00;0.00;0.00;1.63;1.85
2024-10-12;0.00;0.00;0.00;0.00;1.63;1.85;1.74
2024-10-13;0.00;0.00;0.00;1.63;1.85;1.74;0.00
2024-10-14;0.00;0.00;1.63;1.85;1.74;0.00;0.00
2024-10-15;0.00;1.63;1.85;1.74;0.00;0.00;0.00
2024-10-16;1.63;1.85;1.74;0.00;0.00;0.00;4.81
2024-10-17;1.85;1.74;0.00;0.00;0.00;4.81;27.27
2024-10-18;1.74;0.00;0.00;0.00;4.81;27.27;19.70
2024-10-19;0.00;0.00;0.00;4.81;27.27;19.70;9.01
2024-10-20;0.00;0.00;4.81;27.27;19.70;9.01;0.00
2024-10-21;0.00;4.81;27.27;19.70;9.01;0.00;0.00
2024-10-22;4.81;27.27;19.70;9.01;0.00;0.00;0.00
2024-10-23;27.27;19.70;9.01;0.00;0.00;0.00;0.00
2024-10-24;19.70;9.01;0.00;0.00;0.00;0.00;0.00
2024-10-25;9.01;0.00;0.00;0.00;0.00;0.00;0.00
